Workbook

Sheet JAN - MARCH Expired
A1: Seller ID | B1: Store Name | C1: Date of Onboarding | D1: Team | E1: AM | F1: Priority | G1: Connected for Retention | H1: Tool Demo Completed | I1: Demo Date | J1: Follow - Ups | K1: Last FollowUp Date | L1: Intent | M1: Payment Link Sent | N1: Payment link Sent Date | O1: Amount Pitched | P1: Duration Pitched | Q1: Closure | R1: Closure Date | S1: Closure Amount | T1: Remark
A2: A3EE777HLJWZLM | B2: MAOU STORES - IN | C2: 45669 | D2: POD-Chamath | E2: Gourav Haldar | F2: P2
A3: A1DC0MJDFCP1BU | B3: S M R CHIPS N SNACKS LLP - IN | C3: 45700 | D3: POD-Chamath | E3: Gourav Haldar | F3: P2
A4: A2VW28JRMUPD94 | B4: Newway_lifestyles - IN | C4: 45700 | D4: POD-Chamath | E4: Gourav Haldar | F4: P1
A5: A3QGGG0VSGF8ZH | B5: LAYBARE INTERNATIONAL PRIVATE LIMITED - IN | C5: 45700 | D5: POD-Chamath | E5: Gourav Haldar | F5: P2
A6: A1JAI4TO86VEX | B6: Giftkidukan - IN | C6: 45700 | D6: POD-Chamath | E6: Gourav Haldar | F6: P3
A7: A2AB5ZVYS9TOYU | B7: VJ ENTERPRISESÂ® - IN | C7: 45700 | D7: POD-Chamath | E7: Gourav Haldar | F7: P3
A8: A24ZBAKBTZ74G5 | B8: SHOAIB ANSARI - IN | C8: 45727 | D8: POD-Chamath | E8: Gourav Haldar | F8: P2
A9: A1MMVW7J08Y4AV | B9: AURA ENTERPRISE. - IN | C9: 45788 | D9: POD-Chamath | E9: Gourav Haldar | F9: P2
A10: AO4JD9W0THSG8 | B10: PN SHOPS - IN | C10: 45788 | D10: POD-Chamath | E10: Gourav Haldar | F10: P2
A11: A16T8VRIV4CL8M | B11: FoxHill - IN | C11: 45788 | D11: POD-Chamath | E11: Gourav Haldar | F11: P1
A12: A3B4LIBTDDBYGV | B12: OREEN INTERNATIONAL PRIVATE LIMITED - IN | C12: 45788 | D12: POD-Chamath | E12: Gourav Haldar | F12: P2
A13: A3R29YN2SXLHYE | B13: Doshi Enterprises Mumbai - IN | C13: 45789 | D13: POD-Chamath | E13: Gourav Haldar | F13: P2
... A37: A1EG65MGJDGRYK | B37: VINIYOG INDUSTRIES PRIVATE LIMITED - IN | C37: 46054 | D37: POD-Chamath | E37: Gourav Haldar | F37: P2
A38: A10LQCSQUUT9AJ | B38: BLISSFLAIR - IN | C38: 11/13/2025 | D38: POD-Chamath | E38: Gourav Haldar | F38: P3
A39: A1UJLBMXY4PGOI | B39: LIBAUM - IN | C39: 11/13/2025 | D39: POD-Chamath | E39: Gourav Haldar | F39: P1
A40: A1SIIOGJNV4GP1 | B40: SOMNATH ENTERPRISE (Tiny Treasure) - IN | C40: 11/13/2025 | D40: POD-Chamath | E40: Gourav Haldar | F40: P3
A41: A34ULRVXDWSDYV | B41: ANITABEN JAYESHBHAI KAKADIYA - IN | C41: 11/13/2025 | D41: POD-Chamath | E41: Gourav Haldar | F41: P2
A42: A38YCKN409XHLF | B42: Adisesh Overseas - IN | C42: 11/13/2025 | D42: POD-Chamath | E42: Gourav Haldar | F42: P2
A43: A3JCQE8JZOI17J | B43: Veer Vachhraj Enterprise - IN | C43: 11/13/2025 | D43: POD-Chamath | E43: Gourav Haldar | F43: P1
A44: A3AUGRDF0HKV39 | B44: FOOZ GLOBAL LLP - IN | C44: 11/14/2025 | D44: POD-Chamath | E44: Gourav Haldar | F44: P2
A45: A1STWPS3AJFT5H | B45: M/S. ASSAL AMRAVATI MH 27 / NAYAN MUKUNDRAO KUDALE - IN | C45: 11/14/2025 | D45: POD-Chamath | E45: Gourav Haldar | F45: P3
A46: A157FFHHY9O5C0 | B46: KOMFY APPARELS PRIVATE LIMITED - IN | C46: 11/14/2025 | D46: POD-Chamath | E46: Gourav Haldar | F46: P3
A47: A1EULY3250XC1L | B47: Firox X - IN | C47: 11/14/2025 | D47: POD-Chamath | E47: Gourav Haldar | F47: P1
A48: A37SC2QC5GAUSY | B48: Karcari Products LLP - IN | C48: 11/16/2025 | D48: POD-Chamath | E48: Gourav Haldar | F48: P3
A49: AP7K3VMVVLLV9 | B49: ADVI INTERNATIONAL PRIVATE LIMITED - IN | C49: 11/17/2025 | D49: POD-Chamath | E49: Gourav Haldar | F49: P2
... A123: A2L9KY1PFIO5GU | B123: APEX LED PRODUCTS - IN | C123: 12/30/2025 | D123: POD-Chamath | E123: Gourav Haldar | F123: P3
A124: A1JCZ5K9A866O8 | B124: Roscoe - IN | C124: 45669 | D124: POD-Sanjay | E124: Moupali Mitra | F124: P0
A125: A2SRWKDNJJ3YIK | B125: Extend Pvt.Ltd. - IN | C125: 45669 | D125: POD-Sanjay | E125: Moupali Mitra | F125: P3
A126: A1H0KFN7FXRKHO | B126: INDIAN ART INDUSTRIES - IN | C126: 45669 | D126: POD-Sanjay | E126: Moupali Mitra | F126: P3
A127: A1JKDYTBMTZ6L6 | B127: Nature Agro - IN | C127: 45669 | D127: POD-Sanjay | E127: Moupali Mitra | F127: P2
A128: ABPLVCU27BF3P | B128: RUDRART CREATIONS - IN | C128: 45669 | D128: POD-Sanjay | E128: Moupali Mitra | F128: P3
A129: A16W0FSUAXS6QP | B129: Kalp Controls - IN | C129: 45669 | D129: POD-Sanjay | E129: Moupali Mitra | F129: P2
A130: A2IQFNC7X1VUNP | B130: LAVANYA ENTERPRISES Products - IN | C130: 45669 | D130: POD-Sanjay | E130: Moupali Mitra | F130: P2
A131: A3CPS5IWA6VMAQ | B131: NOVIQ ENTERPRISES - IN | C131: 45700 | D131: POD-Sanjay | E131: Moupali Mitra | F131: P1
A132: A1TSSDVIQ076I7 | B132: NS Enterprises & Traders - IN | C132: 45700 | D132: POD-Sanjay | E132: Moupali Mitra | F132: P2
A133: A1KRK73P2YNR4L | B133: Total ortho care - IN | C133: 45700 | D133: POD-Sanjay | E133: Moupali Mitra | F133: P2
A134: A6Y77M7QC8HMA | B134: Bareilly Cane Furniture - IN | C134: 45700 | D134: POD-Sanjay | E134: Moupali Mitra | F134: P1
A135: A2UGHR7YUFBCGN | B135: Shri Salasar enterprisess - IN | C135: 45727 | D135: POD-Sanjay | E135: Moupali Mitra | F135: P2
... A163: A1DR6SHA473KXO | B163: krishav Enterprises - IN | C163: 45972 | D163: POD-Sanjay | E163: Moupali Mitra | F163: P3
A164: A2VFR48BKM48NH | B164: ANIKAA - IN | C164: 11/14/2025 | D164: POD-Sanjay | E164: Moupali Mitra | F164: P2
A165: A3BON2CY2NXR4J | B165: VSTUCART - IN | C165: 11/17/2025 | D165: POD-Sanjay | E165: Moupali Mitra | F165: P2
A166: AUTXFF492K7IM | B166: LESCO - IN | C166: 11/17/2025 | D166: POD-Sanjay | E166: Moupali Mitra | F166: P2
A167: A2ULHPMCQDJ9B8 | B167: ArtzFolio. com Online Art Marketplace - IN | C167: 11/18/2025 | D167: POD-Sanjay | E167: Moupali Mitra | F167: P3
A168: A16PFNJOG8KIEK | B168: Tener Universe - IN | C168: 11/18/2025 | D168: POD-Sanjay | E168: Moupali Mitra | F168: P2
A169: AR19991MEQVPJ | B169: Snapple - IN | C169: 11/18/2025 | D169: POD-Sanjay | E169: Moupali Mitra | F169: P2
A170: A200O87LOXQNNI | B170: Unique Enterprisess - IN | C170: 11/18/2025 | D170: POD-Sanjay | E170: Moupali Mitra | F170: P2
A171: A41AIXD1AZ7E0 | B171: ADVIK ENTERPRISESÂ® - IN | C171: 11/18/2025 | D171: POD-Sanjay | E171: Moupali Mitra | F171: P2
A172: A3G7H8TXQN84HI | B172: Aavya Unique Fashion - IN | C172: 11/21/2025 | D172: POD-Sanjay | E172: Moupali Mitra | F172: P3
A173: A3S4L6RHPFMDZP | B173: Awadh Home Furnishing - IN | C173: 11/24/2025 | D173: POD-Sanjay | E173: Moupali Mitra | F173: P2
A174: A30T599JE3UYCF | B174: VITORIYA - IN | C174: 11/24/2025 | D174: POD-Sanjay | E174: Moupali Mitra | F174: P3
A175: AY9GA3918H1X9 | B175: O2O RETAIL - IN | C175: 11/24/2025 | D175: POD-Sanjay | E175: Moupali Mitra | F175: P2
... A203: A27FBEXM4ZVDHE | B203: DERM EASE - IN | C203: 11/27/2025 | D203: POD-Sanjay | E203: Moupali Mitra | F203: P2
A204: A26DJ349ZZ2G4B | B204: Pareshwar Mahadev Enterprise - IN | C204: 45973 | D204: POD-Sanjay | E204: Preeti S Bingoli | F204: P1
A205: A2V1B2OOURVR4M | B205: Top Ten - IN | C205: 46003 | D205: POD-Sanjay | E205: Preeti S Bingoli | F205: P2
A206: A1T7EKFB7MMUWS | B206: KUSAM ELECTRICAL INDUSTRIES LTD - IN | C206: 45669 | D206: POD-Sanjay | E206: Saikumar | F206: P2
A207: A2O5YY69KLOH9Q | B207: badoliya & sons - IN | C207: 45727 | D207: POD-Sanjay | E207: Saikumar | F207: P1
A208: A3RN1FBBIYD7AY | B208: Jagdish Farshan - IN | C208: 45727 | D208: POD-Sanjay | E208: Saikumar | F208: P2
A209: A3AUBWIKHTTK1X | B209: NNorganic - IN | C209: 45727 | D209: POD-Sanjay | E209: Saikumar | F209: P2
A210: A2UJNA5MBU3RGY | B210: ARTOPIA HANDICRAFTS - IN | C210: 45727 | D210: POD-Sanjay | E210: Saikumar | F210: P2
A211: A2AZETOUKJ944A | B211: Sylvan Artistry - IN | C211: 45727 | D211: POD-Sanjay | E211: Saikumar | F211: P3
A212: A236JQE10R6FMT | B212: Shellz India - IN | C212: 45727 | D212: POD-Sanjay | E212: Saikumar | F212: P2
A213: AH8UUBAD4EDV4 | B213: FEELIN - IN | C213: 45727 | D213: POD-Sanjay | E213: Saikumar | F213: P3
A214: A1ZSFWT8XSAZMT | B214: Giftiliya - IN | C214: 45758 | D214: POD-Sanjay | E214: Saikumar | F214: P2
A215: A2PZ2ZEJB9AUP2 | B215: LOTUS BATHWARE - IN | C215: 45758 | D215: POD-Sanjay | E215: Saikumar | F215: P2
... A252: A24700Y4264LZL | B252: Culinarya - IN | C252: 46027 | D252: POD-Sanjay | E252: Saikumar | F252: P2
A253: A1UTUIDWGYMVIQ | B253: Revans Chem India Pvt Ltd - IN | C253: 1/21/2026 | D253: POD-Sanjay | E253: Saikumar | F253: P2
A254: A1M3YB3DJHNFXV | B254: Elanora Jewels - IN | C254: 1/22/2026 | D254: POD-Sanjay | E254: Saikumar | F254: P2
A255: A10S4CMA84P0ZS | B255: JEEVAT | C255: 1/22/2026 | D255: POD-Sanjay | E255: Saikumar | F255: P1
A256: A1ZRL9DPCMSDEQ | B256: TECNOSPINE - IN | C256: 1/22/2026 | D256: POD-Sanjay | E256: Saikumar | F256: P3
A257: AEY36Z61V192A | B257: solidindia craft - IN | C257: 1/22/2026 | D257: POD-Sanjay | E257: Saikumar | F257: P2
A258: A2F9TDRKM43N28 | B258: coverhub - IN | C258: 1/22/2026 | D258: POD-Sanjay | E258: Saikumar | F258: P2
A259: A3W11F40OS5CQM | B259: Pamperbug Publication - IN | C259: 1/22/2026 | D259: POD-Sanjay | E259: Saikumar | F259: P2
A260: A3IBMRDCV8TTIR | B260: Zoon - IN | C260: 1/22/2026 | D260: POD-Sanjay | E260: Saikumar | F260: P3
A261: A975K8MF4VDZO | B261: crafty looks - IN | C261: 1/23/2026 | D261: POD-Sanjay | E261: Saikumar | F261: P2
A262: A3M72WYNDGAMBB | B262: PRAYOSHA EXPORT - IN | C262: 1/23/2026 | D262: POD-Sanjay | E262: Saikumar | F262: P2
A263: A35ZMQQ37PZ4NC | B263: AMAK INC - IN | C263: 1/23/2026 | D263: POD-Sanjay | E263: Saikumar | F263: P2
A264: A2CF2SLA2TMNFE | B264: Nutriarrow - IN | C264: 1/23/2026 | D264: POD-Sanjay | E264: Saikumar | F264: P1
... A334: A3CPK0SN79LDUA | B334: RGEnterprise - IN | C334: 12/30/2025 | D334: POD-Sanjay | E334: Saikumar | F334: P2
A335: AI7GECI3ORA6G | B335: TIAARA - IN | C335: 45669 | D335: POD-Sanjay | E335: Sanjay | F335: P2
A336: A2PD1GW8N3JAXR | B336: BLOOMORA. - IN | C336: 45669 | D336: POD-Sanjay | E336: Sanjay | F336: P3
A337: A3CZ5086YI3AN1 | B337: KRISHNA_ENTERPRISE1 - IN | C337: 45669 | D337: POD-Sanjay | E337: Sanjay | F337: P2
A338: A1IDRYKOBR73PL | B338: BLAIR - IN | C338: 45669 | D338: POD-Sanjay | E338: Sanjay | F338: P2
A339: A3MTSX2S96WB90 | B339: VAbalaji - IN | C339: 45669 | D339: POD-Sanjay | E339: Sanjay | F339: P2
A340: A10M4W95AU9794 | B340: PARABRAHMA - IN | C340: 45669 | D340: POD-Sanjay | E340: Sanjay | F340: P2
A341: A1DLEVTDBEW0LS | B341: IMPERFECTO DESIGN PRIVATE LIMITED - IN | C341: 45727 | D341: POD-Sanjay | E341: Sanjay | F341: P3
A342: A1SYL30TCF83WC | B342: Maxwell Cares - IN | C342: 45727 | D342: POD-Sanjay | E342: Sanjay | F342: P3
A343: A1K2OAGPXQ55PV | B343: konaseema - IN | C343: 45788 | D343: POD-Sanjay | E343: Sanjay | F343: P3
A344: A250UA4AB8QQN4 | B344: ASEEM TRADING COMPANY - IN | C344: 45788 | D344: POD-Sanjay | E344: Sanjay | F344: P2
A345: AA077ZWB5RLI | B345: INSIGHTLIGHT - IN | C345: 45788 | D345: POD-Sanjay | E345: Sanjay | F345: P2
A346: A2798VFD78X6GA | B346: BhartiEnterprises91 - IN | C346: 45788 | D346: POD-Sanjay | E346: Sanjay | F346: P3
... A381: A22EL2Z2OKKLWF | B381: AIWaft - IN | C381: 46003 | D381: POD-Sanjay | E381: Sanjay | F381: P2
A382: A1BINPB6WU1BMH | B382: Tinsico Enterprises Pvt Ltd - IN | C382: 1/23/2026 | D382: POD-Sanjay | E382: Sanjay | F382: P2
A383: A17IO4X20PNBCF | B383: LYSLIY - IN | C383: 1/23/2026 | D383: POD-Sanjay | E383: Sanjay | F383: P2
A384: AO0IU1X93JVVX | B384: white tiger knit - IN | C384: 1/23/2026 | D384: POD-Sanjay | E384: Sanjay | F384: P2
A385: AC1WF9CGUIVSW | B385: Pawsome Companions - IN | C385: 1/23/2026 | D385: POD-Sanjay | E385: Sanjay | F385: P3
A386: A37AQ7ZI71KE5Z | B386: kds enterprises - IN | C386: 1/23/2026 | D386: POD-Sanjay | E386: Sanjay | F386: P2
A387: A21XZIODTJ10B1 | B387: GardenKing - IN | C387: 1/27/2026 | D387: POD-Sanjay | E387: Sanjay | F387: P2
A388: A1KXY262IUIES5 | B388: RAPTIYA FURNITURE - IN | C388: 1/30/2026 | D388: POD-Sanjay | E388: Sanjay | F388: P1
A389: A3FCI3HCD4T3WX | B389: BIGFALCON â„¢ - IN | C389: 11/14/2025 | D389: POD-Sanjay | E389: Sanjay | F389: P2
...

Sheet APRIL Expired
A1: Seller ID | B1: Store Name | C1: Date of Onboarding | D1: Team | E1: AM | F1: Priority | G1: Connected for Retention | H1: Tool Demo Completed | I1: Demo Date | J1: Follow - Ups | K1: Last FollowUp Date | L1: Intent | M1: Payment Link Sent | N1: Payment link Sent Date | O1: Amount Pitched | P1: Duration Pitched | Q1: Closure | R1: Closure Date | S1: Closure Amount | T1: Remark
A2: A2B2SMMINF1I0J | B2: VYAPAK CREATION - IN | C2: 46079 | D2: POD-Chamath | E2: Chamanth | F2: P2 | G2: Yes | H2: Yes
A3: AUGAI74W2GP8U | B3: IMPERSE - IN | C3: 46069 | D3: POD-Chamath | E3: Chamanth | F3: P2 | G3: No | H3: No
A4: A1R2WCNCQWX195 | B4: BNCollectionl - IN | C4: 46069 | D4: POD-Chamath | E4: Chamanth | F4: P2 | G4: Yes | H4: Yes | I4: 46136 | J4: 1 | K4: 46142 | L4: Not Interested | T4: Not intrested right now
A5: AF21KKQWKOKUD | B5: Chicmik - IN | C5: 46070 | D5: POD-Chamath | E5: Chamanth | F5: P2 | G5: No | H5: No | I5: 46142 | J5: 1 | K5: 46142 | L5: Not Interested | T5: Not working on the store now, closing the amazon store
A6: A3HXYZ30I3V222 | B6: SKSI - IN | C6: 46080 | D6: POD-Chamath | E6: Chamanth | F6: P0 | G6: Yes | H6: Yes | I6: 46127 | J6: 4 | K6: 46142 | L6: Interested | M6: No | O6: 120000 | P6: 12 Months | Q6: Yes | T6: Amount pitched for 2 accounts
A7: A26O2NN29RXS5M | B7: Saforia India - IN | C7: 46080 | D7: POD-Chamath | E7: Chamanth | F7: P2 | G7: Yes | H7: Yes | I7: 46136 | J7: 1 | K7: 46142 | L7: In Piepline | T7: Owner told have given to an agnecy/ told to call back on tuesday 5th may
A8: A32W2AGRL3ORZO | B8: Umera Handicrafts - IN | C8: 46077 | D8: POD-Chamath | E8: Chamanth | F8: P2 | G8: No | H8: No | K8: 46142 | T8: RNR
A9: A3DCV8IRCCFI5E | B9: URJA ENTERPRISE - IN | C9: 46081 | D9: POD-Chamath | E9: Chamanth | F9: P2 | G9: Yes | H9: Yes | I9: 46118 | J9: 1 | K9: 46142 | L9: Not Interested
A10: A9HOHOEKNR58K | B10: Yash&Company - IN | C10: 46081 | D10: POD-Chamath | E10: Chamanth | F10: P2 | G10: No | H10: No
A11: AYBKLUENUJB4B | B11: .Prime Enterprises - IN | C11: 46071 | D11: POD-Chamath | E11: Chamanth | F11: P2 | G11: Yes | H11: No | I11: 46142 | J11: 1 | K11: 46142 | L11: Not Interested | T11: Not intrested, wanted to manuaaly handel
A12: A23MQ7T2PFWL6V | B12: Pramukh Saless.. - IN | C12: 46066 | D12: POD-Chamath | E12: Chamanth | F12: P2 | G12: Yes | H12: Yes | I12: 46142 | J12: 2 | K12: 46142 | L12: Not Interested
A13: A20I5QDK4MHR3U | B13: PrathaVastra - IN | C13: 46066 | D13: POD-Chamath | E13: Chamanth | F13: P1 | G13: Yes | H13: No | I13: 46142 | K13: 46142 | L13: Interested | O13: 25000 | P13: 3 Months | T13: asked to schedule a meet at 3pm
A14: A2O0GM6T86JYJB | B14: NATIONAL REFRIGERATION HOUSE - IN | C14: 46077 | D14: POD-Sanjay | E14: Saikumar | F14: P2 | G14: No | H14: No | T14: Disconnected
A15: A3TV37UEYXQM9O | B15: Nutrafloat - IN | C15: 46055 | D15: POD-Sanjay | E15: Saikumar | F15: P3 | G15: No | H15: No | T15: Disconnected
A16: A1RG8P5ZBBI73Q | B16: R.R-FASHION - IN | C16: 46077 | D16: POD-Sanjay | E16: Saikumar | F16: P1 | G16: Yes | H16: No | L16: Not Interested
A17: AI60Y4RK9JWJY | B17: BLUECOLOGNE NATURALS - IN | C17: 46064 | D17: POD-Sanjay | E17: Saikumar | F17: P3 | G17: Yes | H17: No | L17: Not Interested
A18: A24M12VKMXP0HK | B18: King Mart Enterprises - IN | C18: 46076 | D18: POD-Sanjay | E18: Saikumar | F18: P3 | G18: Yes | H18: No | L18: Not Interested
A19: A3S6D67WGD48DG | B19: Advance Engineering Works! - IN | C19: 46069 | D19: POD-Sanjay | E19: Saikumar | F19: P2 | G19: No | H19: No | T19: Listing Issue
A20: A2DFGRZE4GOL8G | B20: AstroDevam Pvt. Ltd - IN | C20: 46069 | D20: POD-Sanjay | E20: Saikumar | F20: P2 | G20: Yes | H20: Yes | I20: 46112 | J20: 3 | K20: 46140 | L20: Interested
A21: A289JL7QAZDRGE | B21: FARM 2 FACTORY - IN | C21: 46063 | D21: POD-Sanjay | E21: Saikumar | F21: P2 | G21: Yes | H21: No | L21: Not Interested
A22: A3LZAHNPV3G1FU | B22: LE SHOPPING CART - IN | C22: 46079 | D22: POD-Sanjay | E22: Saikumar | F22: P2 | G22: No | H22: No | T22: Disconnected
A23: A1TU3MDB47YLZK | B23: PERONICA FASHION - IN | C23: 46069 | D23: POD-Sanjay | E23: Saikumar | F23: P3 | G23: Yes | H23: No | L23: Not Interested
A24: A3PSDIUKRZLGSJ | B24: RAINBOW PAPER PRODUCTS - IN | C24: 46063 | D24: POD-Sanjay | E24: Saikumar | F24: P2 | G24: Yes | H24: Yes | I24: 46114 | J24: 4 | K24: 46140 | L24: In Piepline
A25: A2OR5TMZ6DJGKE | B25: RAMDUT ENTERPRISE.. - IN | C25: 46069 | D25: POD-Sanjay | E25: Saikumar | F25: P2 | G25: Yes | H25: No | L25: Not Interested
A26: A3JB2SIKAFSX4W | B26: ROSAMODE - IN | C26: 46055 | D26: POD-Sanjay | E26: Saikumar | F26: P3 | G26: Yes | H26: No | L26: Not Interested
A27: A1TPM9HK5HK577 | B27: Rk kaime sports - IN | C27: 46070 | D27: POD-Sanjay | E27: Saikumar | F27: P2 | G27: No | H27: No
A28: A1H5QICWWAILR4 | B28: SPIRY MALL - IN | C28: 46069 | D28: POD-Sanjay | E28: Saikumar | F28: P1 | G28: Yes | H28: No | L28: In Piepline
A29: A2N9CVT8WE5J8T | B29: THE ALPINE APOTHECARY - IN | C29: 46063 | D29: POD-Sanjay | E29: Saikumar | F29: P1 | G29: Yes | H29: Yes | I29: 46135 | L29: Not Interested
A30: A1ZNJW3WTUDRNM | B30: Textile Now - IN | C30: 46070 | D30: POD-Sanjay | E30: Saikumar | F30: P3 | G30: Yes | H30: No | L30: Not Interested
A31: A27KU97V00LDVG | B31: Tinkle. - IN | C31: 46077 | D31: POD-Sanjay | E31: Saikumar | F31: P2 | G31: Yes | H31: Yes | I31: 46136 | J31: 4 | K31: 46139 | L31: Interested | O31: 8500 | P31: 1 Months
A32: A3BLAJMVTEVJOO | B32: Viewstar Future Retail Private Limited - IN | C32: 46076 | D32: POD-Sanjay | E32: Saikumar | F32: P1 | G32: No | H32: No | T32: Disconnected
A33: A1JZUR4EAD3T2T | B33: Virva enterprise - IN | C33: 46079 | D33: POD-Sanjay | E33: Saikumar | F33: P1 | G33: Yes | H33: No | L33: Not Interested
A34: A370SOFCJP9R6F | B34: WALLAURA - IN | C34: 46077 | D34: POD-Sanjay | E34: Saikumar | F34: P3 | G34: No | H34: No | T34: Disconnected
A35: A4XCDBYFHYQ93 | B35: Yug Ecom - IN | C35: 46079 | D35: POD-Sanjay | E35: Saikumar | F35: P2 | G35: Yes | H35: No | L35: Not Interested
A36: A1HN7U8DB740X2 | B36: GURU JEE - IN | C36: 46080 | D36: POD-Sanjay | E36: Saikumar | F36: P2 | G36: Yes | H36: No | L36: Not Interested
A37: A3CFRSVJU25LG8 | B37: WE CARE 4 U - IN | C37: 46080 | D37: POD-Sanjay | E37: Saikumar | F37: P2 | G37: Yes | H37: Yes | I37: 46139 | J37: 1 | K37: 46139 | L37: Interested | O37: 30000 | P37: 3 Months
A38: AC7HI0LJQ7J46 | B38: Angoori Fashion - IN | C38: 46057 | D38: POD-Sanjay | E38: Saikumar | F38: P1 | G38: Yes | H38: Yes | I38: 46121 | J38: 2 | K38: 46140 | L38: Not Interested | O38: 25000 | P38: 3 Months
A39: ATO617QMILZUL | B39: GATIMAN COLLECTION - IN | C39: 46057 | D39: POD-Sanjay | E39: Saikumar | F39: P1 | G39: Yes | H39: Yes | I39: 46097 | J39: 5 | K39: 46139 | L39: Interested | O39: 80000 | P39: 12 Months
A40: A3AX28MEOT54PY | B40: Aakash Trader's - IN | C40: 46065 | D40: POD-Sanjay | E40: Saikumar | F40: P2 | G40: Yes | H40: No | L40: Not Interested
A41: A6FTK2WEO64P0 | B41: Art's Cafe - IN | C41: 46057 | D41: POD-Sanjay | E41: Saikumar | F41: P3 | G41: No | H41: No
A42: A3A3CS8CJXDM2I | B42: BAGUL FOODS (OPC) PRIVATE LIMITED - IN | C42: 46066 | D42: POD-Sanjay | E42: Saikumar | F42: P2 | G42: Yes | H42: Yes | I42: 46106 | J42: 5 | K42: 46140 | L42: Interested | O42: 25000 | P42: 3 Months
A43: A2C9QQ635OTMTF | B43: BUMBLEBERRY - IN | C43: 46057 | D43: POD-Sanjay | E43: Saikumar | F43: P3 | G43: Yes | H43: Yes | I43: 46118 | J43: 1 | K43: 46118 | L43: Not Interested | O43: 30000 | P43: 3 Months
A44: AN95S822JZ0TD | B44: ESYSENSE TECH INNOVATIONS PRIVATE LIMITED - IN | C44: 46055 | D44: POD-Sanjay | E44: Saikumar | F44: P2 | G44: No | H44: No | T44: Disconnected
A45: A10BL8E5POIIS6 | B45: GESICA FASHION - IN | C45: 46064 | D45: POD-Sanjay | E45: Saikumar | F45: P1 | G45: Yes | H45: Yes | I45: 46094 | J45: 4 | K45: 46141 | L45: In Piepline | O45: 25000 | P45: 3 Months
A46: AYYSW1619V70R | B46: Infinity Interiors Decor - IN | C46: 46066 | D46: POD-Sanjay | E46: Saikumar | F46: P3 | G46: Yes | H46: No | L46: Not Interested
A47: A161VPTN0LV5IA | B47: Jeevasanjeevini Ayucare ( Herbal And Handicrafts ) - IN | C47: 46055 | D47: POD-Sanjay | E47: Saikumar | F47: P3 | G47: No | H47: No | T47: Disconnected
A48: A5MGZZWXU5YTR | B48: MONTABELLA PRIVATE LIMITED - IN | C48: 46064 | D48: POD-Sanjay | E48: Saikumar | F48: P3 | G48: No | H48: No
A49: A2M59MK8LYJI7B | B49: Mariners creation - IN | C49: 46071 | D49: POD-Sanjay | E49: Saikumar | F49: P1 | G49: Yes | H49: No | J49: 4 | K49: 46140 | L49: In Piepline
A50: A19W5V2L6SZ42J | B50: SAHUUS EV Motors - IN | C50: 46064 | D50: POD-Sanjay | E50: Saikumar | F50: P2 | G50: Yes | H50: No | L50: Not Interested
A51: A2KWOJ2CMKUNLG | B51: VIYORA - IN | C51: 46064 | D51: POD-Sanjay | E51: Saikumar | F51: P2 | G51: Yes | H51: Yes | I51: 46108 | J51: 4 | K51: 46140 | L51: In Piepline | O51: 25000 | P51: 3 Months
A52: A1QKBOPLFYAZRT | B52: kusum ved and sons - IN | C52: 46071 | D52: POD-Sanjay | E52: Saikumar | F52: P1 | G52: Yes | H52: Yes | I52: 46119 | J52: 4 | K52: 46141 | L52: Interested | O52: 25000 | P52: 3 Months
A53: A2FX6FP0R2HN51 | B53: Zifro International - IN | C53: 46078 | D53: POD-Sanjay | E53: Sanjay | F53: P2 | G53: Yes | H53: No
A54: A3RD4QH278S2OF | B54: PIND POPPERS - IN | C54: 46066 | D54: POD-Sanjay | E54: Sanjay | F54: P2 | G54: Yes | H54: Yes | L54: Not Interested
A55: A21K8CK3E773QQ | B55: Vikarafty - IN | C55: 46071 | D55: POD-Sanjay | E55: Sanjay | F55: P2 | G55: Yes | H55: Yes | L55: Not Interested
A56: AP0C8WWFJ7ML | B56: PerPart Enterprise - IN | C56: 46069 | D56: POD-Sanjay | E56: Sanjay | F56: P2 | G56: Yes | H56: No
A57: A3VRRJ382S1RQJ | B57: CERABI APPARELS - IN | C57: 46070 | D57: POD-Sanjay | E57: Sanjay | F57: P2 | G57: Yes | H57: Yes | J57: 4 | K57: 46140 | L57: Not Interested
A58: AV2D6QPU95DFE | B58: CHANCY - IN | C58: 46069 | D58: POD-Sanjay | E58: Sanjay | F58: P1 | G58: Yes | H58: No
A59: AWXCALF5OQ6RT | B59: GETEXCITING - IN | C59: 46079 | D59: POD-Sanjay | E59: Sanjay | F59: P2 | G59: No | H59: No
A60: A1KJQ0MU3RKOSJ | B60: SIDDHIVINAYAK FABRIC MILLS - IN | C60: 46077 | D60: POD-Sanjay | E60: Sanjay | F60: P2 | G60: Yes | H60: No
A61: A2EW995BNFALP2 | B61: Miss Ethnic - IN | C61: 46066 | D61: POD-Sanjay | E61: Sanjay | F61: P1 | G61: Yes | H61: Yes | J61: 4 | K61: 46141 | L61: Not Interested
A62: A17IFH8IF1LCOT | B62: N M Traders - IN | C62: 46071 | D62: POD-Sanjay | E62: Sanjay | F62: P2 | G62: No | H62: No
A63: A2XTPCQ80530X8 | B63: NUTAN INDIA COMPANY - IN | C63: 46066 | D63: POD-Sanjay | E63: Sanjay | F63: P1 | G63: Yes | H63: Yes | J63: 2 | K63: 46133 | L63: Not Interested
A64: A2CJNS4M5DCWN1 | B64: SiH - IN | C64: 46064 | D64: POD-Chamath | E64: Sarthak | F64: P1 | G64: No | H64: No
A65: ANPFL1DFBFV5Q | B65: EasyGoods India - IN | C65: 46081 | D65: POD-Chamath | E65: Sarthak | F65: P1 | G65: No | H65: No
A66: A21Q3XQZQNX5U8 | B66: BS-Creation - IN | C66: 46080 | D66: POD-Chamath | E66: Sarthak | F66: P2 | G66: No | H66: No | T66: Disconnected
A67: A383K69J2083FL | B67: Mantra-Enterprise. - IN | C67: 46081 | D67: POD-Chamath | E67: Sarthak | F67: P1 | G67: Yes | H67: Yes | I67: 46126 | J67: 5 | K67: 46132 | L67: Not Interested
A68: A1X51F2UOL916S | B68: Microtail India - IN | C68: 46069 | D68: POD-Chamath | E68: Sarthak | F68: P2 | G68: Yes | H68: Yes | I68: 46118 | J68: 5 | K68: 46132 | L68: Not Interested
A69: A13PQOUEPIDYGO | B69: Atharv Creations Sales - IN | C69: 46080 | D69: POD-Chamath | E69: Sarthak | F69: P3 | G69: No | H69: No
A70: A1YZCN9QUG54XE | B70: EXTEND CRAFTS - IN | C70: 46063 | D70: POD-Chamath | E70: Sarthak | F70: P2 | G70: Yes | H70: Yes | I70: 46112 | J70: 2 | K70: 46096 | L70: In Piepline | O70: 25000 | P70: 3 Months
A71: A1XFBUSBR38NS2 | B71: Aditya Overseasâ„¢ - IN | C71: 46069 | D71: POD-Chamath | E71: Sarthak | F71: P1 | G71: Yes | H71: No | I71: 46142
A72: A3VQHPU7PE1PE3 | B72: ASSORTIXX - IN | C72: 46081 | D72: POD-Chamath | E72: Sarthak | F72: P3 | G72: No | H72: No
A73: A15IOB6GFPRJS9 | B73: DURGA HANDLOOMS - IN | C73: 46075 | D73: POD-Chamath | E73: Sarthak | F73: P1 | G73: No | H73: No
A74: A2XNXCJDKI3E2M | B74: E-ROYAL SHOP - IN | C74: 46069 | D74: POD-Chamath | E74: Sarthak | F74: P2 | G74: No | H74: No
A75: ALPULZMKE4L76 | B75: JAMAL STORE - IN | C75: 46063 | D75: POD-Chamath | E75: Sarthak | F75: P2 | G75: No | H75: No | T75: Disconnected
A76: A1BNRBOZMRFPBF | B76: MALKHA JEWELLERY - IN | C76: 46069 | D76: POD-Chamath | E76: Sarthak | F76: P2 | G76: No | H76: No
A77: AI180JWB7IE17 | B77: OBLIBA LIFESTYLE - IN | C77: 46077 | D77: POD-Chamath | E77: Sarthak | F77: P3 | G77: No | H77: No
A78: A7EM4MEZ9B2MB | B78: PiDuino - IN | C78: 46077 | D78: POD-Chamath | E78: Sarthak | F78: P1 | G78: Yes | H78: No
A79: A2W30JJV87X5RU | B79: SAHAJADA SALON - IN | C79: 46079 | D79: POD-Chamath | E79: Sarthak | F79: P2 | G79: Yes | H79: No | L79: Not Interested
A80: A13Q0DQ49N5OC7 | B80: Varshant - IN | C80: 46081 | D80: POD-Chamath | E80: Sarthak | F80: P3 | G80: No | H80: No
A81: A1AVS34DWCB1TT | B81: Zenquill - IN | C81: 46077 | D81: POD-Chamath | E81: Sarthak | F81: P2 | G81: No | H81: No
A82: A1ZIK4KWT08KP6 | B82: AnviBeYourself - IN | C82: 46080 | D82: POD-Chamath | E82: Sarthak | F82: P1 | G82: No | H82: No
A83: AGRZ3EYYMP77Y | B83: CY HEALTHCARE PVT LTD - IN | C83: 46080 | D83: POD-Chamath | E83: Sarthak | F83: P3 | G83: Yes | H83: No | L83: Not Interested
A84: A2DXSVD9ZI8BWL | B84: DHYANI ENTERPRISEâ„¢ - IN | C84: 46080 | D84: POD-Chamath | E84: Sarthak | F84: P3 | G84: Yes | H84: No | L84: Not Interested
A85: AS73I8SBLZ1QN | B85: ELEKTRON INDIA - IN | C85: 46081 | D85: POD-Chamath | E85: Sarthak | F85: P2 | G85: Yes | H85: No | I85: 46142
A86: A25X19TCXYQUU2 | B86: GAJA MARKETING - IN | C86: 46081 | D86: POD-Chamath | E86: Sarthak | F86: P3 | G86: Yes | H86: No | L86: Not Interested
A87: A1FLQB8WMR55KJ | B87: KYKOH - IN | C87: 46081 | D87: POD-Chamath | E87: Sarthak | F87: P3 | G87: Yes | H87: No | L87: Not Interested
A88: A1NOJBUDQBU0EW | B88: NOMAN LUXURY - IN | C88: 46081 | D88: POD-Chamath | E88: Sarthak | F88: P2 | G88: No | H88: No
A89: A87D5BDGC6CZH | B89: Sunvilla Traders - IN | C89: 46064 | D89: POD-Chamath | E89: Sarthak | F89: P1 | G89: Yes | H89: Yes | I89: 46113 | L89: Not Interested
A90: AT4B39DB0R8RM | B90: onlinebharat - IN | C90: 46064 | D90: POD-Chamath | E90: Sarthak | F90: P2 | G90: Yes | H90: Yes | I90: 46112
A91: AEIUBFV240FXM | B91: Aliya calicut - IN | C91: 46065 | D91: POD-Chamath | E91: Sarthak | F91: P3 | G91: Yes | H91: No | L91: Not Interested
A92: AG10WDX8ICDSY | B92: Expressions Arts and Crafts - IN | C92: 46064 | D92: POD-Chamath | E92: Sarthak | F92: P2 | G92: Yes | H92: No | L92: Not Interested
A93: A1J5SSO9D1KZVN | B93: GREENLAND ENTERPRISE - IN | C93: 46064 | D93: POD-Chamath | E93: Sarthak | F93: P3 | G93: Yes | H93: Yes | J93: 2 | K93: 46127 | L93: In Piepline | O93: 25000 | P93: 3 Months
A94: A13MDPRVLOJ26U | B94: NOT9 - IN | C94: 46066 | D94: POD-Chamath | E94: Sarthak | F94: P3 | G94: Yes | H94: No | L94: Not Interested
A95: A1WRFERJTFF6WY | B95: OBT STORE - IN | C95: 46069 | D95: POD-Chamath | E95: Sarthak | F95: P1 | G95: Yes | H95: No | I95: 46142
A96: A37DZTVA2JJS6Z | B96: PANDAV ENTERPRISES - IN | C96: 46066 | D96: POD-Chamath | E96: Sarthak | F96: P2 | G96: Yes | H96: No | L96: Not Interested
A97: A10A8M5JGT1LC8 | B97: PHEXAL HEALTHCARE - IN | C97: 46064 | D97: POD-Chamath | E97: Sarthak | F97: P3 | G97: Yes | H97: No | L97: Not Interested
A98: A341FWBVFPKJSG | B98: Pravin Traders - IN | C98: 46064 | D98: POD-Chamath | E98: Sarthak | F98: P1 | G98: Yes | H98: No | L98: Interested
A99: A2XWXGVPA8XOA | B99: Xcreo - IN | C99: 46065 | D99: POD-Chamath | E99: Sarthak | F99: P2 | G99: Yes | H99: No | L99: Not Interested
A100: A3K5Z1DY881H4E | B100: SA Handlooms - IN | C100: 46064 | D100: POD-Chamath | E100: Sarthak | F100: P1 | G100: Yes | H100: Yes | I100: 46142 | J100: 1 | K100: 46142 | L100: Interested | O100: 8500 | P100: 1 Months | T100: will pay on 6th may
...

Sheet MAY Expired
A1: Seller ID | B1: Store Name | C1: Date of Onboarding | D1: Team | E1: AM | F1: Priority | G1: Connected for Retention | H1: Tool Demo Completed | I1: Demo Date | J1: Follow - Ups | K1: Last FollowUp Date | L1: Intent | M1: Payment Link Sent | N1: Payment link Sent Date | O1: Amount Pitched | P1: Duration Pitched | Q1: Closure | R1: Closure Date | S1: Closure Amount | T1: Remark
A2: A2810Y9W7CXMNM | B2: assortify - IN | C2: 3/27/2026 | D2: POD-Sanjay | E2: Anurag Rathore | F2: P2
A3: A22GDTQWACDK8U | B3: The Watch Company.. - IN | C3: 3/27/2026 | D3: POD-Sanjay | E3: Anurag Rathore | F3: P1
A4: AU33UEHGJ22NS | B4: GROWTH EMPIREâ„¢ - IN | C4: 3/27/2026 | D4: POD-Sanjay | E4: Palakh Jain | F4: P2
A5: A8KQ1ZO6YGS7J | B5: Bengal HandlOom Saree - IN | C5: 3/27/2026 | D5: POD-Sanjay | E5: Palakh Jain | F5: P2
A6: A31AMSHB0581A1 | B6: CZTL - IN | C6: 3/27/2026 | D6: POD-Sanjay | E6: Palakh Jain | F6: P3
A7: A3L43QR8BW3K3A | B7: SREE SAI ROLLER FLOUR MILL - IN | C7: 3/25/2026 | D7: POD-Chamath | E7: Ved Prakash Kondaboiena | F7: P2
A8: A136LAAXUJA72D | B8: HENLYS SUNS - IN | C8: 3/24/2026 | D8: POD-Sanjay | E8: Palakh Jain | F8: P1
A9: A1M0V5H9R1Y258 | B9: KLYNEST ENTERPRISE - IN | C9: 3/24/2026 | D9: POD-Sanjay | E9: Palakh Jain | F9: P2
A10: A1XM5WNED436ZW | B10: DIVYA METAL CRAFTS - IN | C10: 3/24/2026 | D10: POD-Sanjay | E10: Palakh Jain | F10: P2
A11: A3VRWFD2FUG66 | B11: SHREE SAI ENTERPRISES01 - IN | C11: 3/24/2026 | D11: POD-Sanjay | E11: Sanjay | F11: P3
A12: A1SU3SF254UYYD | B12: R G WOOD - IN | C12: 3/24/2026 | D12: POD-Chamath | E12: Ved Prakash Kondaboiena | F12: P3
A13: A1JPF25BQOQBI0 | B13: KIDSGALLERY - IN | C13: 3/24/2026 | D13: POD-Chamath | E13: Ved Prakash Kondaboiena | F13: P2
... A51: AGTUD2QY0829G | B51: ANTALYAâ„¢ - IN | C51: 3/13/2026 | D51: POD-Chamath | E51: Ved Prakash Kondaboiena | F51: P2
A52: A3DF8ZQ7HKH115 | B52: HARIVAR - IN | C52: 46359 | D52: POD-Chamath | E52: Sarthak Gophane | F52: P1
A53: A31RS44GEFNAZ | B53: tee mafia - IN | C53: 46359 | D53: POD-Chamath | E53: Sarthak Gophane | F53: P2
A54: A1MOMTYYK4NALS | B54: Rakhi Saini - IN | C54: 46359 | D54: POD-Chamath | E54: Sarthak Gophane | F54: P2
A55: A1T4DZOACRNFXP | B55: VIKASH TOY CENTRE PRIVATE LIMITED - IN | C55: 46359 | D55: POD-Chamath | E55: Sarthak Gophane | F55: P1
A56: A35TA87GIQ77SX | B56: kuldip patel - IN | C56: 46359 | D56: POD-Chamath | E56: Sarthak Gophane | F56: P1
A57: A2SHU3SQWUE861 | B57: R.K. Textiles FAB - IN | C57: 46359 | D57: POD-Chamath | E57: Sarthak Gophane | F57: P1
A58: AG4VS7OLXCDSV | B58: RESDEK - IN | C58: 46359 | D58: POD-Chamath | E58: Sarthak Gophane | F58: P2
A59: A29Q3YV2MG0RPA | B59: NLH ROOTS - IN | C59: 46359 | D59: POD-Chamath | E59: Sarthak Gophane | F59: P1
A60: A1H79SGAGV52P1 | B60: Ayush Pharmaceuticals and Marketing Division - IN | C60: 46359 | D60: POD-Chamath | E60: Sarthak Gophane | F60: P3
A61: A1PXVKPUJ84ITP | B61: Renew Roots - IN | C61: 46359 | D61: POD-Sanjay | E61: Saikumar | F61: P2
A62: AG0RN0ZGIVPXU | B62: DBrush - IN | C62: 46359 | D62: POD-Sanjay | E62: Saikumar | F62: P2
A63: A258LXFA0FPNGT | B63: Emyra Enterprises - IN | C63: 46359 | D63: POD-Sanjay | E63: Saikumar | F63: P3
... A104: A2HIVSN5V4E776 | B104: RUDRA SAMRAT - IN | C104: 46056 | D104: POD-Chamath | E104: Sarthak Gophane | F104: P2

Sheet JUNE Expired
A1: Seller ID | B1: Store Name | C1: Date of Onboarding | D1: Team | E1: AM | F1: Priority | G1: Connected for Retention | H1: Tool Demo Completed | I1: Demo Date | J1: Follow - Ups | K1: Last FollowUp Date | L1: Intent | M1: Payment Link Sent | N1: Payment link Sent Date | O1: Amount Pitched | P1: Duration Pitched | Q1: Closure | R1: Closure Date | S1: Closure Amount | T1: Remark
A2: A2CVZ18N60T04H | B2: RITSAN COLLECTION - IN | C2: 4/30/2026 | D2: POD-Sanjay | E2: Palakh Jain | F2: P1
A3: A2FCEG0D4F2LTW | B3: GOAL ZONE - IN | C3: 4/30/2026 | D3: POD-Sanjay | E3: Palakh Jain | F3: P3
A4: A2IX705HS7SR2F | B4: Shopoflux - IN | C4: 4/30/2026 | D4: POD-Chamath | E4: Ved Prakash Kondaboiena | F4: P3
A5: AC4U8OCEA6G17 | B5: ROYAL DAIRY & SCIENTIFIC UDYOG. - IN | C5: 4/30/2026 | D5: POD-Chamath | E5: Ved Prakash Kondaboiena | F5: P2
A6: A2D6WWCD4RF124 | B6: MINALPRODUCTS - IN | C6: 4/29/2026 | D6: POD-Sanjay | E6: Palakh Jain | F6: P2
A7: AJS813TNES0IS | B7: Blooming collection - IN | C7: 4/29/2026 | D7: POD-Sanjay | E7: Palakh Jain | F7: P3
A8: A634F62XPKOZM | B8: NEW VIKAS LIGHT - IN | C8: 4/29/2026 | D8: POD-Sanjay | E8: Palakh Jain | F8: P2
A9: A2IHDGL4NZJV0M | B9: PinkLoom - IN | C9: 4/28/2026 | D9: POD-Chamath | E9: Sarthak Gophane | F9: P3
A10: A2M7DELZVSPJYK | B10: BHISRA HETSVEE SUDHIRBHAI - IN | C10: 4/28/2026 | D10: POD-Sanjay | E10: Anurag Rathore | F10: P2
A11: A39B1PQRTWRZSQ | B11: J J ENTERPRISE001 - IN | C11: 4/28/2026 | D11: POD-Sanjay | E11: Anurag Rathore | F11: P3
A12: A2MLDQV70U96CF | B12: Fiable Collection - IN | C12: 4/28/2026 | D12: POD-Sanjay | E12: Anurag Rathore | F12: P2
A13: A1R8M2HMSFJGYA | B13: MADHU TEXTILE JPR - IN | C13: 4/28/2026 | D13: POD-Sanjay | E13: Anurag Rathore | F13: P3
... A80: A2JOL8RJHF4UXW | B80: YVR FASHION PRIVATE LIMITED - IN | C80: 4/13/2026 | D80: POD-Chamath | E80: Ved Prakash Kondaboiena | F80: P2
A81: A1TKHYXDMZMXCK | B81: pn enterprise - IN | C81: 46207 | D81: POD-Sanjay | E81: Palakh Jain | F81: P2
A82: A2Q1QY73ICUV9Q | B82: BOOK CLOUD - IN | C82: 46207 | D82: POD-Sanjay | E82: Anurag Rathore | F82: P2
A83: A3IMUEXXSH9XKC | B83: Saiz Divine Wood - IN | C83: 46207 | D83: POD-Sanjay | E83: Palakh Jain | F83: P3
A84: A29MF1N2XOTX3N | B84: JS Clothing Mart - IN | C84: 46207 | D84: POD-Sanjay | E84: Palakh Jain | F84: P3
A85: A15ZO80XKO25MF | B85: SWAG ENTERPRISES - IN | C85: 46207 | D85: POD-Sanjay | E85: Palakh Jain | F85: P1
A86: AVNMWR2LBQP45 | B86: SETIA INTERNATIONAL - IN | C86: 46207 | D86: POD-Sanjay | E86: Palakh Jain | F86: P3
A87: A1X3YSKXWA3FC9 | B87: MOTI METAL INDUSTRIES - IN | C87: 46207 | D87: POD-Sanjay | E87: Palakh Jain | F87: P1
A88: AQOHGA4S43QDR | B88: E SALE RETAILERS - IN | C88: 46207 | D88: POD-Sanjay | E88: Anurag Rathore | F88: P1
A89: A39SGH88F1ESE2 | B89: ARRIYAN ARTS AND CRAFT - IN | C89: 46207 | D89: POD-Sanjay | E89: Anurag Rathore | F89: P1
A90: A4YAY7KEUHZX1 | B90: True Furniture - IN | C90: 46207 | D90: POD-Sanjay | E90: Palakh Jain | F90: P1
A91: A1K2D45RTCUS5H | B91: Bmtexture - IN | C91: 46207 | D91: POD-Sanjay | E91: Anurag Rathore | F91: P1
A92: A2RM69IJTGNTXB | B92: AMR ENTERPRISE - IN | C92: 46207 | D92: POD-Sanjay | E92: Anurag Rathore | F92: P1
... A98: AO6S0ATSG4V2X | B98: IKAE - IN | C98: 46026 | D98: POD-Sanjay | E98: Saikumar | F98: P1

Sheet 4+ CSAT
A1: Seller ID | B1: Store Name | C1: Bucket | D1: RATING | E1: AM | F1: Assigned To
A2: A1EB5K70GA1JL0 | B2: M/S FUR LOVED - IN | C2: PERFORMANCE + RAPO | D2: 4 | E2: =VLOOKUP(A2,'APRIL Expired'!A:E,4,FALSE) -> #N/A | F2: =VLOOKUP(A2,'APRIL Expired'!A:E,9,FALSE) -> #REF!
A3: A23LZVQIAFRU3J | B3: ACCUPRESSURE SHODH PRASHIKSHAN EVAM UPCHAR SANSTHAN - IN | C3: PERFORMANCE + RAPO | D3: 4 | E3: =VLOOKUP(A3,'APRIL Expired'!A:E,4,FALSE) -> #N/A | F3: =VLOOKUP(A3,'APRIL Expired'!A:E,9,FALSE) -> #REF!
A4: A2KSS3D61NYYNK | B4: SM ENTERPRISE Shoppe - IN | C4: PERFORMANCE + RAPO | D4: 4 | E4: =VLOOKUP(A4,'APRIL Expired'!A:E,4,FALSE) -> #N/A | F4: =VLOOKUP(A4,'APRIL Expired'!A:E,9,FALSE) -> #REF!
A5: ABI9V86KU74QT | B5: RS TRADING CORPORATION - IN | C5: PERFORMANCE + RAPO | D5: 4 | E5: =VLOOKUP(A5,'APRIL Expired'!A:E,4,FALSE) -> #N/A | F5: =VLOOKUP(A5,'APRIL Expired'!A:E,9,FALSE) -> #REF!
A6: AHI2EK2EBLA8C | B6: Marry Me - The Store - IN | C6: PERFORMANCE + RAPO | D6: 5 | E6: =VLOOKUP(A6,'APRIL Expired'!A:E,4,FALSE) -> #N/A | F6: =VLOOKUP(A6,'APRIL Expired'!A:E,9,FALSE) -> #REF!
A7: AQU3A4KB00ZQV | B7: RUDRAAY ENTERPRISE - IN | C7: PERFORMANCE + RAPO | D7: 4 | E7: =VLOOKUP(A7,'APRIL Expired'!A:E,4,FALSE) -> #N/A | F7: =VLOOKUP(A7,'APRIL Expired'!A:E,9,FALSE) -> #REF!
A8: A3U93ASJOD6B3P | B8: THE FIRE COMPANY - IN | C8: ONLY RAPO | D8: 4 | E8: =VLOOKUP(A8,'APRIL Expired'!A:E,4,FALSE) -> #N/A | F8: =VLOOKUP(A8,'APRIL Expired'!A:E,9,FALSE) -> #REF!
A9: AA1TV72QJ6B8U | B9: TITRI - IN | C9: ONLY RAPO | D9: 4 | E9: =VLOOKUP(A9,'APRIL Expired'!A:E,4,FALSE) -> #N/A | F9: =VLOOKUP(A9,'APRIL Expired'!A:E,9,FALSE) -> #REF!
A10: A13PC6SFMYE124 | B10: SHOPIVAAN - IN | C10: ONLY PERFORMANCE | D10: 4 | E10: =VLOOKUP(A10,'APRIL Expired'!A:E,4,FALSE) -> #N/A | F10: =VLOOKUP(A10,'APRIL Expired'!A:E,9,FALSE) -> #REF!
A11: A196ZJCY6DFAG6 | B11: SAVAYO - IN | C11: ONLY PERFORMANCE | D11: 4 | E11: =VLOOKUP(A11,'APRIL Expired'!A:E,4,FALSE) -> #N/A | F11: =VLOOKUP(A11,'APRIL Expired'!A:E,9,FALSE) -> #REF!
A12: A1FY7MBICOH0M6 | B12: TRUE OPULENCE LIFESTYLE PRIVATE LIMITED - IN | C12: ONLY PERFORMANCE | D12: 4 | E12: =VLOOKUP(A12,'APRIL Expired'!A:E,4,FALSE) -> #N/A | F12: =VLOOKUP(A12,'APRIL Expired'!A:E,9,FALSE) -> #REF!
A13: A1GFLD8QOVMD0K | B13: M/S SINSKARI - IN | C13: ONLY PERFORMANCE | D13: 4 | E13: =VLOOKUP(A13,'APRIL Expired'!A:E,4,FALSE) -> #N/A | F13: =VLOOKUP(A13,'APRIL Expired'!A:E,9,FALSE) -> #REF!
... A50: AUBOR6WACS7SU | B50: MOTHER ORGANIC SB INDIA PRIVATE LIMITED Fashion - IN | C50: NO PERFORMANCE OR RAPO | D50: 4 | E50: =VLOOKUP(A50,'APRIL Expired'!A:E,4,FALSE) -> #N/A | F50: =VLOOKUP(A50,'APRIL Expired'!A:E,9,FALSE) -> #REF!

Sheet Sheet5
A1: Mulberry Living Private Limited - IN | B1: Tazeen | C1: =VLOOKUP(A1,'APRIL Expired'!B:B,1,FALSE) -> #N/A
A2: KOA LUXURY BODY REGIME - IN | B2: Tazeen | C2: =VLOOKUP(A2,'APRIL Expired'!B:B,1,FALSE) -> #N/A
A3: Mea Bloom - IN | B3: Tazeen | C3: =VLOOKUP(A3,'APRIL Expired'!B:B,1,FALSE) -> #N/A
A4: BABYAURA ESSENTIALS PRIVATE LIMITED - IN | B4: Tazeen | C4: =VLOOKUP(A4,'APRIL Expired'!B:B,1,FALSE) -> #N/A
A5: HAPPFIT WELLNESS PVT LTD - IN | B5: Tazeen | C5: =VLOOKUP(A5,'APRIL Expired'!B:B,1,FALSE) -> #N/A
A6: CONSERN PHARMA LIMITED - IN | B6: Tazeen | C6: =VLOOKUP(A6,'APRIL Expired'!B:B,1,FALSE) -> #N/A
A7: MuscleGrid - IN | B7: Tazeen | C7: =VLOOKUP(A7,'APRIL Expired'!B:B,1,FALSE) -> #N/A
A8: UNIGLOBAL DISTRIBUTORS PRIVATE LIMITED - IN | B8: Tazeen | C8: =VLOOKUP(A8,'APRIL Expired'!B:B,1,FALSE) -> #N/A
C9: =VLOOKUP(A9,'APRIL Expired'!B:B,1,FALSE) -> #N/A
A10: AGUANTE - IN | B10: Vaishalini | C10: =VLOOKUP(A10,'APRIL Expired'!B:B,1,FALSE) -> #N/A
A11: Fore noon - IN | B11: Vaishalini | C11: =VLOOKUP(A11,'APRIL Expired'!B:B,1,FALSE) -> #N/A
A12: Armaan limited Collections - IN | B12: Vaishalini | C12: =VLOOKUP(A12,'APRIL Expired'!B:B,1,FALSE) -> #N/A
A13: SAANVIKA BRAND LABS - IN | B13: Vaishalini | C13: =VLOOKUP(A13,'APRIL Expired'!B:B,1,FALSE) -> #N/A
A14: Vaishnavi Agro Masale - IN | B14: Manzar | C14: =VLOOKUP(A14,'APRIL Expired'!B:B,1,FALSE) -> #N/A
A15: Pioneer Hygiene - IN | B15: Manzar | C15: =VLOOKUP(A15,'APRIL Expired'!B:B,1,FALSE) -> #N/A
A16: Kidscave - IN | B16: Manzar | C16: =VLOOKUP(A16,'APRIL Expired'!B:B,1,FALSE) -> #N/A
A17: HIRVA CREATION IN - IN | B17: Manzar | C17: =VLOOKUP(A17,'APRIL Expired'!B:B,1,FALSE) -> #N/A
A18: M-SHIELD - IN | B18: Vaishalini | C18: =VLOOKUP(A18,'APRIL Expired'!B:B,1,FALSE) -> #N/A
C19: =VLOOKUP(A19,'APRIL Expired'!B:B,1,FALSE) -> #N/A
A20: Maruthu valaris and Boomerangs - IN | B20: Dharnesh | C20: =VLOOKUP(A20,'APRIL Expired'!B:B,1,FALSE) -> #N/A
A21: Falconstar - IN | B21: Dharnesh | C21: =VLOOKUP(A21,'APRIL Expired'!B:B,1,FALSE) -> #N/A
A22: Exams First - IN | B22: Dharnesh | C22: =VLOOKUP(A22,'APRIL Expired'!B:B,1,FALSE) -> #N/A
C23: =VLOOKUP(A23,'APRIL Expired'!B:B,1,FALSE) -> #N/A
A24: ShreenathjiExim - IN | B24: Kruti | C24: =VLOOKUP(A24,'APRIL Expired'!B:B,1,FALSE) -> #N/A
A25: DEE VEE COMMUNICATIONS P LTD - IN | B25: Kruti | C25: =VLOOKUP(A25,'APRIL Expired'!B:B,1,FALSE) -> #N/A
A26: U & U Enterprise - IN | B26: Kruti | C26: =VLOOKUP(A26,'APRIL Expired'!B:B,1,FALSE) -> #N/A
A27: ADGAUR GLASSWARE CO. - IN | B27: Kruti | C27: =VLOOKUP(A27,'APRIL Expired'!B:B,1,FALSE) -> #N/A
A28: Water Purifier India - IN | B28: Kruti | C28: =VLOOKUP(A28,'APRIL Expired'!B:B,1,FALSE) -> #N/A
A29: Vkare Bio Sciences Pvt. Ltd. - IN | B29: Kruti | C29: =VLOOKUP(A29,'APRIL Expired'!B:B,1,FALSE) -> #N/A
A30: Asthetika - IN | B30: Kruti | C30: =VLOOKUP(A30,'APRIL Expired'!B:B,1,FALSE) -> #N/A
A31: HEU By Festive Textiles - IN | B31: Kruti | C31: =VLOOKUP(A31,'APRIL Expired'!B:B,1,FALSE) -> #N/A
A32: Ajaayabghar - IN | B32: Kruti | C32: =VLOOKUP(A32,'APRIL Expired'!B:B,1,FALSE) -> #N/A
A33: DECOPULEN - IN | B33: Kruti | C33: =VLOOKUP(A33,'APRIL Expired'!B:B,1,FALSE) -> #N/A
A34: DEHRAN - IN | B34: Kruti | C34: =VLOOKUP(A34,'APRIL Expired'!B:B,1,FALSE) -> #N/A
C35: =VLOOKUP(A35,'APRIL Expired'!B:B,1,FALSE) -> #N/A
C36: =VLOOKUP(A36,'APRIL Expired'!B:B,1,FALSE) -> #N/A
C37: =VLOOKUP(A37,'APRIL Expired'!B:B,1,FALSE) -> #N/A
C38: =VLOOKUP(A38,'APRIL Expired'!B:B,1,FALSE) -> #N/A
C39: =VLOOKUP(A39,'APRIL Expired'!B:B,1,FALSE) -> #N/A
C40: =VLOOKUP(A40,'APRIL Expired'!B:B,1,FALSE) -> #N/A
C41: =VLOOKUP(A41,'APRIL Expired'!B:B,1,FALSE) -> #N/A
C42: =VLOOKUP(A42,'APRIL Expired'!B:B,1,FALSE) -> #N/A
C43: =VLOOKUP(A43,'APRIL Expired'!B:B,1,FALSE) -> #N/A
C44: =VLOOKUP(A44,'APRIL Expired'!B:B,1,FALSE) -> #N/A
C45: =VLOOKUP(A45,'APRIL Expired'!B:B,1,FALSE) -> #N/A
C46: =VLOOKUP(A46,'APRIL Expired'!B:B,1,FALSE) -> #N/A
... C1000: =VLOOKUP(A1000,'APRIL Expired'!B:B,1,FALSE) -> #N/A

Sheet f17-11f0-a88f-ed1746cad0d8-stor
A1: connectedOn | B1: accountId | C1: storeName | D1: performance | E1: Rapo | G1: status | H1: amazonAdsConnected | I1: amazonSPConnected | J1: isV2OnBoardingDone | K1: am | L1: score | M1: campaignLaunched | N1: syncProgress | O1: totalRecommendations | P1: appliedRecommendations | Q1: recommendationsAppliedBySeller | R1: autopilotCoverage | S1: team | T1: email | U1: mobile | V1: subscriptionStatus | W1: amazonElevate | X1: week | Y1: country | Z1: automation | AA1: adSpendAligned | AB1: adSpendUpdatedBy | AC1: auditReportSharedBy | AD1: enabledCampaigns | AE1: autopilotEnabled | AF1: adSpendAlignedFrom | AG1: adSpendAlignedTill | AH1: isTechMStore
A2: Thu Sep 25 2025 19:53:27 GMT+0530 (India Standard Time) | B2: A20ABCUM81YT27 | C2: AsmaZara Skin Essentials - IN | D2: P3 | E2: Yes | F2: #N/A | G2: active | H2: TRUE | I2: TRUE | J2: TRUE | K2: Anindya Mandal | L2: 41 | M2: 0 | N2: 100 | R2: 0 | S2: POD-Sanjay | T2: info.asmazara@gmail.com | U2: +918095340640 | V2: trial | W2: TRUE | X2: 4 | Z2: auto | AA2: 0 | AB2: USER | AC2: AM | AD2: 0 | AE2: -1 | AH2: FALSE
A3: Thu Sep 25 2025 13:26:26 GMT+0530 (India Standard Time) | B3: A1YJPQA5XOWSJ4 | C3: CREATIVELY UNIQUE-(DCONSUMERI MEDIATECH PRIVATE LIMITED) - IN | D3: P3 | F3: #N/A | G3: active | H3: TRUE | I3: FALSE | L3: 30 | M3: 0 | N3: 100 | R3: 0 | T3: thecreativelyunique@gmail.com | V3: trial | W3: TRUE | X3: 4 | Z3: auto | AA3: 0 | AB3: USER | AD3: 0 | AE3: -1 | AH3: FALSE
A4: Thu Sep 25 2025 13:08:28 GMT+0530 (India Standard Time) | B4: A3BV1VBHMHIT74 | C4: Eiti - IN | D4: P0 | E4: No | F4: #N/A | G4: active | H4: TRUE | I4: TRUE | J4: TRUE | K4: Syed Yaseen | L4: 56 | M4: 6 | N4: 100 | R4: 100 | S4: POD-Sanjay | T4: sales.ecomonline@gmail.com | U4: +918871743681 | V4: trial | W4: FALSE | X4: 4 | Z4: auto | AA4: 0 | AB4: USER | AC4: AM | AD4: 1 | AE4: 1 | AH4: FALSE
A5: Thu Sep 25 2025 11:53:07 GMT+0530 (India Standard Time) | B5: A1949H1AZUQGGS | C5: Mizi - IN | D5: P3 | F5: #N/A | G5: active | H5: TRUE | I5: FALSE | L5: 26 | M5: 0 | N5: 100 | R5: 0 | T5: mizicart@gmail.com | V5: trial | W5: TRUE | X5: 4 | Z5: auto | AA5: 0 | AB5: USER | AD5: 131 | AE5: 0 | AH5: FALSE
A6: Thu Sep 25 2025 11:35:27 GMT+0530 (India Standard Time) | B6: AEDMW67MJCYOU | C6: Drapes De Dzire - IN | D6: P0 | F6: #N/A | G6: active | H6: TRUE | I6: TRUE | J6: TRUE | K6: Eshwar | L6: 52 | M6: 4 | N6: 100 | R6: 50 | S6: POD-Sanjay | T6: sellersupport@drapesdedzire.com | U6: +919880535345 | V6: trial | W6: FALSE | X6: 4 | Z6: auto | AA6: 0 | AB6: USER | AC6: AM | AD6: 2 | AE6: 1 | AH6: FALSE
A7: Thu Sep 25 2025 11:31:45 GMT+0530 (India Standard Time) | B7: A2DZNTL3BEZ58P | C7: Skarline Ventures - IN | D7: P0 | E7: No | F7: #N/A | G7: active | H7: TRUE | I7: TRUE | J7: TRUE | K7: Gourav Haldar | L7: 56 | M7: 2 | N7: 100 | R7: 50 | S7: POD-Chamath | T7: skarlineventures@gmail.com | U7: +918489778088 | V7: trial | W7: FALSE | X7: 4 | Z7: auto | AA7: 0 | AB7: USER | AC7: AM | AD7: 4 | AE7: 2 | AH7: FALSE
A8: Thu Sep 25 2025 11:18:49 GMT+0530 (India Standard Time) | B8: A271760IXV2XZ5 | C8: UDAY CHEMICAL WORKS HATHRAS - IN | D8: P3 | E8: No | F8: #N/A | G8: active | H8: TRUE | I8: TRUE | K8: Gourav Haldar | L8: 67 | M8: 2 | N8: 100 | R8: 100 | S8: POD-Chamath | T8: harshitagrawal599@gmail.com | V8: trial | W8: FALSE | X8: 4 | Z8: auto | AA8: 0 | AB8: USER | AC8: AM | AD8: 2 | AE8: 2 | AH8: FALSE
A9: Wed Sep 24 2025 21:32:37 GMT+0530 (India Standard Time) | B9: A2K365TW6XBY7X | C9: WEBMART - IN | D9: P0 | F9: #N/A | G9: active | H9: TRUE | I9: TRUE | J9: TRUE | K9: Eshwar | L9: 45 | M9: 0 | N9: 100 | R9: 0 | S9: POD-Sanjay | T9: contact.galaxyrise@gmail.com | U9: +918368865192 | V9: trial | W9: TRUE | X9: 4 | Z9: auto | AA9: 0 | AB9: USER | AC9: AM | AD9: 5 | AE9: 0 | AH9: FALSE
A10: Wed Sep 24 2025 17:59:48 GMT+0530 (India Standard Time) | B10: A3J4RWKX1K5P9M | C10: Shiv Shambhu Enterprises - IN | D10: P0 | E10: No | F10: #N/A | G10: active | H10: TRUE | I10: TRUE | J10: TRUE | K10: Syed Tabrez | L10: 41 | M10: 4 | N10: 100 | R10: 0 | S10: POD-Chamath | T10: shivshambhuenterprises55@gmail.com | U10: +919166662950 | V10: trial | W10: FALSE | X10: 4 | Z10: auto | AA10: 0 | AB10: USER | AC10: AM | AD10: 0 | AE10: -1 | AH10: FALSE
A11: Wed Sep 24 2025 17:17:36 GMT+0530 (India Standard Time) | B11: A28MJD4ME470ZF | C11: EPICURA GLOBAL - IN | D11: P0 | E11: No | F11: #N/A | G11: active | H11: TRUE | I11: TRUE | J11: TRUE | K11: Syed Tabrez | L11: 56 | M11: 3 | N11: 100 | R11: 0 | S11: POD-Chamath | T11: zingoraonline@gmail.com | U11: +919587864866 | V11: trial | W11: FALSE | X11: 4 | Z11: auto | AA11: 0 | AB11: USER | AC11: AM | AD11: 1 | AE11: 0 | AH11: FALSE
A12: Wed Sep 24 2025 16:19:44 GMT+0530 (India Standard Time) | B12: A1D105RGLX852N | C12: Tanish Herbs - IN | D12: P0 | E12: Yes | F12: #N/A | G12: active | H12: TRUE | I12: TRUE | J12: TRUE | K12: Syed Tabrez | L12: 56 | M12: 4 | N12: 100 | R12: 100 | S12: POD-Chamath | T12: tanishherbs@gmail.com | U12: +919840836999 | V12: trial | W12: FALSE | X12: 4 | Z12: manual | AA12: 0 | AB12: USER | AC12: AM | AD12: 2 | AE12: 2 | AH12: FALSE
A13: Wed Sep 24 2025 15:43:39 GMT+0530 (India Standard Time) | B13: A3N9KNIJ9HBA2Z | C13: WE_ADOS - IN | D13: P0 | E13: Yes | F13: #N/A | G13: active | H13: TRUE | I13: TRUE | J13: TRUE | K13: Syed Tabrez | L13: 67 | M13: 5 | N13: 100 | R13: 75 | S13: POD-Chamath | T13: zerodegreefashion@yahoo.in | U13: +919820211373 | V13: trial | W13: FALSE | X13: 4 | Z13: auto | AA13: 0 | AB13: USER | AC13: AM | AD13: 4 | AE13: 3 | AH13: FALSE
A14: Wed Sep 24 2025 15:35:07 GMT+0530 (India Standard Time) | B14: A2BDH9QXAZ4X8U | C14: Woot Hoot, India - IN | D14: P0 | E14: Yes | F14: #N/A | G14: active | H14: TRUE | I14: TRUE | J14: TRUE | K14: Syed Tabrez | L14: 60 | M14: 7 | N14: 100 | R14: 67 | S14: POD-Chamath | T14: sales@ezchip.in | U14: +919960832807 | V14: trial | W14: FALSE | X14: 4 | Z14: auto | AA14: 0 | AB14: USER | AC14: AM | AD14: 6 | AE14: 4 | AH14: FALSE
A15: Wed Sep 24 2025 15:28:45 GMT+0530 (India Standard Time) | B15: A2MFWWVVTETT2O | C15: BLACKBULL INDIA - IN | D15: P0 | F15: #N/A | G15: active | H15: TRUE | I15: TRUE | J15: TRUE | K15: Eshwar | L15: 41 | M15: 5 | N15: 100 | R15: 0 | S15: POD-Sanjay | T15: technologyblackbull@gmail.com | U15: +919330171036 | V15: trial | W15: FALSE | X15: 4 | Z15: auto | AA15: 0 | AB15: USER | AC15: AM | AD15: 0 | AE15: -1 | AH15: FALSE
A16: Wed Sep 24 2025 14:16:13 GMT+0530 (India Standard Time) | B16: A3ULMVZMHS99GY | C16: FIT N FURNISH HUB - IN | D16: P2 | F16: #N/A | G16: active | H16: TRUE | I16: FALSE | L16: 26 | M16: 0 | N16: 100 | R16: 0 | T16: fitnfurnishhub@gmail.com | V16: trial | W16: TRUE | X16: 4 | Z16: auto | AA16: 0 | AB16: USER | AD16: 1 | AE16: 0 | AH16: FALSE
A17: Wed Sep 24 2025 12:39:50 GMT+0530 (India Standard Time) | B17: ATD3MNX0KWZI8 | C17: shrijan innovation - IN | D17: P0 | E17: No | F17: #N/A | G17: active | H17: TRUE | I17: TRUE | J17: TRUE | K17: Syed Tabrez | L17: 56 | M17: 6 | N17: 100 | R17: 100 | S17: POD-Chamath | T17: starinterior9@gmail.com | U17: +918446900370 | V17: trial | W17: FALSE | X17: 4 | Z17: manual | AA17: 0 | AB17: USER | AC17: AM | AD17: 4 | AE17: 4 | AH17: FALSE
A18: Wed Sep 24 2025 11:40:54 GMT+0530 (India Standard Time) | B18: A392PRDNEHTQRJ | C18: TWIN FLAMES | D18: P1 | F18: #N/A | G18: active | H18: TRUE | I18: TRUE | J18: TRUE | K18: Eshwar | L18: 41 | M18: 5 | N18: 100 | R18: 0 | S18: POD-Sanjay | T18: hello@twinflames.in | U18: +918910863367 | V18: trial | W18: FALSE | X18: 4 | Z18: auto | AA18: 0 | AB18: USER | AC18: AM | AD18: 0 | AE18: -1 | AH18: FALSE
A19: Wed Sep 24 2025 11:33:40 GMT+0530 (India Standard Time) | B19: A3URYXFQXNEJ1L | C19: BRANDSHOPS INC - IN | D19: P3 | F19: #N/A | G19: active | H19: TRUE | I19: TRUE | J19: TRUE | K19: Eshwar | L19: 49 | M19: 0 | N19: 100 | R19: 0 | S19: POD-Sanjay | T19: brandshopsinc@gmail.com | U19: +919711565507 | V19: trial | W19: TRUE | X19: 4 | Z19: auto | AA19: 0 | AB19: USER | AC19: AM | AD19: 10 | AE19: 0 | AH19: FALSE
A20: Tue Sep 23 2025 15:43:39 GMT+0530 (India Standard Time) | B20: A2HHIPJT8WYHST | C20: Krypton Consumer Electricals - IN | D20: P0 | E20: Yes | F20: #N/A | G20: active | H20: TRUE | I20: TRUE | J20: TRUE | K20: Abhilash V | L20: 56 | M20: 6 | N20: 100 | R20: 100 | S20: POD-Chamath | T20: salesenquiry@krypton.co.in | U20: +919971691109 | V20: trial | W20: FALSE | X20: 4 | Z20: auto | AA20: 0 | AB20: USER | AC20: AM | AD20: 3 | AE20: 3 | AH20: FALSE
A21: Tue Sep 23 2025 13:15:53 GMT+0530 (India Standard Time) | B21: ATOHD233WJUAW | C21: Sugar Apple - IN | D21: P3 | E21: No | F21: #N/A | G21: active | H21: TRUE | I21: TRUE | J21: TRUE | K21: Ved Prakash Kondaboiena | L21: 60 | M21: 5 | N21: 100 | R21: 100 | S21: POD-Chamath | T21: connect@urrja.in | U21: +918697559020 | V21: trial | W21: FALSE | X21: 4 | Z21: auto | AA21: 0 | AB21: USER | AC21: AM | AD21: 5 | AE21: 5 | AH21: FALSE
A22: Sun Sep 21 2025 22:00:11 GMT+0530 (India Standard Time) | B22: A2NFORKRW4XHK3 | C22: Alchemy Tradex - IN | D22: P0 | E22: Yes | F22: #N/A | G22: active | H22: TRUE | I22: TRUE | J22: TRUE | K22: Anindya Mandal | L22: 56 | M22: 2 | N22: 100 | R22: 40 | S22: POD-Sanjay | T22: smoyade41@gmail.com | U22: +919584209994 | V22: trial | W22: TRUE | X22: 4 | Z22: auto | AA22: 0 | AB22: USER | AC22: AM | AD22: 5 | AE22: 2 | AH22: FALSE
A23: Sat Sep 20 2025 18:00:53 GMT+0530 (India Standard Time) | B23: A1E2SNORL77B2Z | C23: JOLIEZZA - US | D23: P3 | F23: #N/A | G23: active | H23: FALSE | I23: TRUE | J23: TRUE | L23: 23 | M23: 2 | N23: 100 | R23: 0 | T23: joliezzaskincare@gmail.com | U23: +919541638355 | V23: trial | X23: 3 | Z23: auto | AA23: 0 | AB23: USER | AC23: AM | AD23: 0 | AE23: -1 | AH23: FALSE
A24: Tue Sep 16 2025 13:33:04 GMT+0530 (India Standard Time) | B24: AJYSJBYKM5AIC | C24: NEXTBRIDGE INTERNATIONAL PRIVATE LIMITED - IN | D24: P0 | E24: No | F24: #N/A | G24: active | H24: TRUE | I24: TRUE | K24: Anindya Mandal | L24: 41 | M24: 2 | N24: 100 | R24: 0 | S24: POD-Sanjay | T24: connect@nextbridgeinternational.com | V24: trial | W24: FALSE | X24: 5 | Z24: auto | AA24: 0 | AB24: USER | AC24: AM | AD24: 1 | AE24: 0 | AH24: FALSE
A25: Tue Sep 16 2025 13:02:46 GMT+0530 (India Standard Time) | B25: A18S33BOOT5V4P | C25: TIKKOST TECHNOLOGIES - IN | D25: P3 | F25: #N/A | G25: active | H25: TRUE | I25: FALSE | L25: 26 | M25: 0 | N25: 100 | R25: 0 | T25: tikos3242@gmail.com | V25: trial | W25: TRUE | X25: 5 | Z25: auto | AA25: 0 | AB25: USER | AD25: 3 | AE25: 0 | AH25: FALSE
A26: Mon Sep 15 2025 15:21:42 GMT+0530 (India Standard Time) | B26: A1ABQOCQOPA6EP | C26: Varnika Creation Store - IN | D26: P1 | E26: No | F26: #N/A | G26: active | H26: TRUE | I26: TRUE | J26: TRUE | K26: Gourav Haldar | L26: 45 | M26: 3 | N26: 100 | R26: 0 | S26: POD-Chamath | T26: varnikacreation.ecommerce@gmail.com | U26: +917600536162 | V26: trial | W26: FALSE | X26: 5 | Z26: auto | AA26: 420.43 | AB26: USER | AC26: AM | AD26: 4 | AE26: 0 | AF26: 45922 | AG26: 45953 | AH26: FALSE
A27: Fri Sep 12 2025 12:33:48 GMT+0530 (India Standard Time) | B27: A14NGGNR8IT5EP | C27: GFC GARAM MASALA - IN | D27: P1 | E27: No | F27: #N/A | G27: active | H27: TRUE | I27: TRUE | J27: TRUE | K27: Gulshan K | L27: 60 | M27: 2 | N27: 100 | R27: 17 | S27: POD-Chamath | T27: deepakkb54@gmail.com | U27: +919686413915 | V27: trial | W27: TRUE | X27: 6 | Z27: auto | AA27: 12000 | AB27: USER | AC27: AM | AD27: 12 | AE27: 2 | AF27: 45922 | AG27: 45953 | AH27: FALSE
A28: Wed Sep 10 2025 18:52:04 GMT+0530 (India Standard Time) | B28: A2BXW0Y3S27PP3 | C28: Luxury Gift - IN | D28: P2 | E28: No | F28: #N/A | G28: active | H28: TRUE | I28: FALSE | J28: TRUE | K28: Sanjay | L28: 30 | M28: 3 | N28: 100 | R28: 0 | S28: POD-Sanjay | T28: luxurygiftset@gmail.com | U28: +917011906731 | V28: trial | W28: TRUE | X28: 6 | Z28: auto | AA28: 19474.42 | AB28: USER | AC28: AM | AD28: 0 | AE28: -1 | AF28: 45922 | AG28: 45953 | AH28: FALSE
A29: Wed Sep 10 2025 13:05:47 GMT+0530 (India Standard Time) | B29: A1RI9F4KK5MANH | C29: GiftOday - IN | D29: P2 | E29: No | F29: #N/A | G29: active | H29: TRUE | I29: FALSE | J29: TRUE | K29: Sanjay | L29: 30 | M29: 2 | N29: 100 | R29: 0 | S29: POD-Sanjay | T29: giftoday01@gmail.com | U29: +919999558984 | V29: trial | W29: TRUE | X29: 6 | Z29: auto | AA29: 81349.91 | AB29: USER | AC29: AM | AD29: 18 | AE29: 0 | AF29: 45922 | AG29: 45953 | AH29: FALSE
A30: Tue Sep 09 2025 15:38:21 GMT+0530 (India Standard Time) | B30: A11OE7NXKSPFSZ | C30: Flexible bags - IN | D30: P3 | F30: #N/A | G30: active | H30: FALSE | I30: FALSE | L30: 23 | M30: 0 | N30: 100 | R30: 0 | T30: iqbalkhan8328@gmail.com | V30: trial | W30: TRUE | X30: 6 | Z30: auto | AA30: 0 | AB30: USER | AD30: 4 | AE30: 0 | AH30: FALSE
A31: Mon Sep 08 2025 15:46:07 GMT+0530 (India Standard Time) | B31: ENTITY1AP61OT0K5PEO | C31: The Moda India - IN | D31: P2 | E31: No | F31: #N/A | G31: active | H31: TRUE | I31: TRUE | J31: TRUE | K31: Bhargavi | L31: 67 | M31: 4 | N31: 100 | R31: 14 | S31: POD-Sanjay | T31: modafoamandfurnishings@gmail.com | U31: +917869952535 | V31: paid | W31: TRUE | X31: 6 | Z31: auto | AA31: 105907.26 | AB31: USER | AC31: AM | AD31: 30 | AE31: 4 | AF31: 45922 | AG31: 45953 | AH31: FALSE
A32: Wed Sep 03 2025 13:23:33 GMT+0530 (India Standard Time) | B32: A31FX0UEY1G6W6 | C32: A.A Oil Mill - IN | D32: P3 | F32: #N/A | G32: active | H32: FALSE | I32: TRUE | J32: TRUE | K32: Moupali Mitra | L32: 60 | M32: 2 | N32: 100 | R32: 100 | S32: POD-Sanjay | T32: cc.aaoilmill@gmail.com | U32: +916369819805 | V32: trial | W32: TRUE | X32: 1 | Z32: auto | AA32: 0 | AB32: USER | AC32: AM | AD32: 3 | AE32: 3 | AH32: FALSE
A33: Tue Sep 02 2025 18:11:04 GMT+0530 (India Standard Time) | B33: AU6PVIBMT67OS | C33: SOBO CONSUMER - IN | D33: P1 | E33: No | F33: #N/A | G33: active | H33: FALSE | I33: TRUE | J33: TRUE | K33: Bhargavi | L33: 49 | M33: 2 | N33: 100 | R33: 0 | S33: POD-Sanjay | T33: soboconsumer@gmail.com | U33: +917208522848 | V33: trial | W33: TRUE | X33: 1 | Z33: auto | AA33: 0 | AB33: USER | AC33: AM | AD33: 8 | AE33: 0 | AH33: FALSE
A34: Tue Sep 02 2025 12:42:44 GMT+0530 (India Standard Time) | B34: A1ODGJZBFLB2KD | C34: TOI SHOP - IN | D34: P3 | F34: #N/A | G34: active | H34: FALSE | I34: TRUE | J34: TRUE | K34: Moupali Mitra | L34: 67 | M34: 0 | N34: 100 | R34: 88 | S34: POD-Sanjay | T34: saiyed1m1@gmail.com | U34: +919558301397 | V34: trial | W34: TRUE | X34: 2 | Z34: auto | AA34: 0 | AB34: USER | AC34: AM | AD34: 8 | AE34: 7 | AH34: FALSE
A35: Mon Sep 01 2025 18:21:27 GMT+0530 (India Standard Time) | B35: A38H1A68423WTN | C35: KHODIYAR SALES.. - IN | D35: P3 | F35: #N/A | G35: active | H35: FALSE | I35: FALSE | J35: TRUE | K35: Shubhangi Singh | L35: 52 | M35: 2 | N35: 100 | R35: 100 | S35: POD-Sanjay | T35: mangukiya4896@gmail.com | U35: +917574945908 | V35: trial | W35: FALSE | X35: 0 | Z35: auto | AA35: 0 | AB35: USER | AC35: AM | AD35: 4 | AE35: 4 | AH35: FALSE
A36: Mon Sep 01 2025 17:58:11 GMT+0530 (India Standard Time) | B36: A2MKY7YFRI6DJX | C36: BAHUCHARAJI CREATION - IN | D36: P2 | F36: #N/A | G36: active | H36: FALSE | I36: FALSE | L36: 30 | M36: 0 | N36: 100 | R36: 0 | T36: vavadiyakrish102@gmail.com | U36: +919054272477 | V36: trial | W36: FALSE | X36: 6 | Z36: auto | AA36: 0 | AB36: USER | AD36: 0 | AE36: -1 | AH36: FALSE
A37: Mon Sep 01 2025 15:00:51 GMT+0530 (India Standard Time) | B37: AOU8JGFXGCMKQ | C37: KEDAR ENTERPRISE ® - IN | D37: P3 | E37: No | F37: #N/A | G37: active | H37: FALSE | I37: FALSE | J37: TRUE | K37: Bhargavi | L37: 63 | M37: 6 | N37: 100 | R37: 88 | S37: POD-Sanjay | T37: kedarenterprise24@gmail.com | U37: +919824524496 | V37: trial | W37: TRUE | X37: 2 | Z37: auto | AA37: 0 | AB37: USER | AC37: AM | AD37: 16 | AE37: 14 | AH37: FALSE
A38: Sat Aug 30 2025 12:19:31 GMT+0530 (India Standard Time) | B38: A2JJUB4HH5OBDC | C38: Pranjal Gems - IN | D38: P2 | E38: No | F38: #N/A | G38: active | H38: TRUE | I38: FALSE | J38: TRUE | K38: Gulshan K | L38: 41 | M38: 0 | N38: 100 | R38: 96 | S38: POD-Chamath | T38: pranjalgems@gmail.com | U38: +917023818175 | V38: trial | W38: TRUE | X38: 8 | Z38: auto | AA38: 0 | AB38: USER | AC38: AM | AD38: 48 | AE38: 46 | AH38: FALSE
A39: Fri Aug 29 2025 16:54:35 GMT+0530 (India Standard Time) | B39: A35AP1DRYBA6W6 | C39: BharatVolt - IN | D39: P1 | E39: No | F39: #N/A | G39: active | H39: FALSE | I39: TRUE | J39: TRUE | K39: Preeti S Bingoli | L39: 23 | M39: 2 | N39: 100 | R39: 0 | S39: POD-Sanjay | T39: marketing@emplworld.in | U39: +919041142244 | V39: trial | W39: FALSE | X39: 3 | Z39: manual | AA39: 0 | AB39: USER | AC39: AM | AD39: 0 | AE39: -1 | AH39: FALSE
A40: Fri Aug 29 2025 10:29:23 GMT+0530 (India Standard Time) | B40: A3J1ZEO3RQ0CYG | C40: sharas enterprise - IN | D40: P3 | F40: #N/A | G40: active | H40: TRUE | I40: FALSE | L40: 26 | M40: 0 | N40: 100 | R40: 0 | T40: logesh@profitstory.ai | V40: trial | X40: 8 | Z40: auto | AA40: 0 | AB40: USER | AD40: 12 | AE40: 0 | AH40: FALSE
A41: Thu Aug 28 2025 16:17:36 GMT+0530 (India Standard Time) | B41: AQ1MN75GGCUFP | C41: Purest Herbs of India - IN | D41: P3 | F41: #N/A | G41: active | H41: TRUE | I41: FALSE | L41: 23 | M41: 0 | N41: 100 | R41: 0 | T41: purestherbsofindia@gmail.com | U41: +919211762862 | V41: trial | W41: TRUE | X41: 8 | Z41: auto | AA41: 0 | AB41: USER | AD41: 2 | AE41: 0 | AH41: FALSE
A42: Thu Aug 28 2025 15:01:49 GMT+0530 (India Standard Time) | B42: A1CCC4TCD3XPWA | C42: Clean Brite - IN | D42: P3 | F42: #N/A | G42: active | H42: TRUE | I42: FALSE | L42: 23 | M42: 0 | N42: 100 | R42: 0 | T42: cleanbrite2004@gmail.com | U42: +919852501551 | V42: trial | W42: FALSE | X42: 8 | Z42: auto | AA42: 0 | AB42: USER | AD42: 0 | AE42: -1 | AH42: FALSE
A43: Thu Aug 28 2025 11:38:45 GMT+0530 (India Standard Time) | B43: AO3S3L8CEK5VH | C43: NIRVANA SALES - IN | D43: P0 | E43: No | F43: #N/A | G43: active | H43: TRUE | I43: TRUE | J43: TRUE | K43: Gourav Haldar | L43: 49 | M43: 3 | N43: 100 | R43: 0 | S43: POD-Chamath | T43: nirvanasales.855@gmail.com | U43: +919175035713 | V43: trial | W43: FALSE | X43: 8 | Z43: manual | AA43: 12000 | AB43: USER | AC43: AM | AD43: 0 | AE43: -1 | AF43: 45922 | AG43: 45953 | AH43: FALSE
A44: Thu Aug 28 2025 11:23:41 GMT+0530 (India Standard Time) | B44: A1VUZVQ47MZFUA | C44: Nilkanth stor - IN | D44: P3 | E44: No | F44: #N/A | G44: active | H44: FALSE | I44: TRUE | J44: TRUE | K44: Ved Prakash Kondaboiena | L44: 67 | M44: 2 | N44: 100 | R44: 100 | S44: POD-Chamath | T44: jaydipg742@gmail.com | U44: +919510685229 | V44: trial | W44: FALSE | X44: 3 | Z44: auto | AA44: 3458.13 | AB44: USER | AC44: AM | AD44: 3 | AE44: 3 | AF44: 45922 | AG44: 45953 | AH44: FALSE
A45: Tue Aug 26 2025 17:45:52 GMT+0530 (India Standard Time) | B45: A3J2IHYZF8J3GO | C45: DHVANI ENTERPRISE_ - IN | D45: P3 | F45: #N/A | G45: active | H45: FALSE | I45: TRUE | J45: TRUE | K45: Mallikarjun | L45: 56 | M45: 0 | N45: 100 | R45: 0 | S45: POD-Sanjay | T45: sonanisatish0057@gmail.com | U45: +918866380057 | V45: trial | W45: TRUE | X45: 0 | Z45: auto | AA45: 0 | AB45: USER | AC45: AM | AD45: 2 | AE45: 0 | AH45: FALSE
A46: Tue Aug 26 2025 16:30:18 GMT+0530 (India Standard Time) | B46: A2HPZ4VKGLKUVB | C46: SUKAN CREATION - IN | D46: P3 | F46: #N/A | G46: active | H46: TRUE | I46: FALSE | L46: 26 | M46: 0 | N46: 100 | R46: 0 | T46: hpcreation110@gmail.com | U46: +919227162263 | V46: trial | W46: TRUE | X46: 8 | Z46: auto | AA46: 0 | AB46: USER | AD46: 7 | AE46: 0 | AH46: FALSE
A47: Tue Aug 26 2025 15:49:05 GMT+0530 (India Standard Time) | B47: A269CL610K9651 | C47: M. S. HOSIERY - IN | D47: P3 | F47: #N/A | G47: active | H47: TRUE | I47: FALSE | L47: 30 | M47: 0 | N47: 100 | R47: 0 | T47: rangersclothing@gmail.com | U47: +919464019000 | V47: trial | W47: FALSE | X47: 8 | Z47: auto | AA47: 0 | AB47: USER | AD47: 0 | AE47: -1 | AH47: FALSE
A48: Tue Aug 26 2025 15:11:40 GMT+0530 (India Standard Time) | B48: A3IME2RJB6AZCI | C48: Primedeal™ - IN | D48: P2 | E48: No | F48: #N/A | G48: active | H48: TRUE | I48: FALSE | J48: TRUE | K48: Gulshan K | L48: 41 | M48: 3 | N48: 100 | R48: 100 | S48: POD-Chamath | T48: nicreation18@gmail.com | U48: +919033222042 | V48: trial | W48: TRUE | X48: 8 | Z48: auto | AA48: 0 | AB48: USER | AC48: AM | AD48: 6 | AE48: 6 | AH48: FALSE
A49: Tue Aug 26 2025 12:18:31 GMT+0530 (India Standard Time) | B49: A38C7HPW05REGV | C49: sportswing - IN | D49: P3 | E49: No | F49: #N/A | G49: active | H49: FALSE | I49: FALSE | K49: Anindya Mandal | L49: 4 | M49: 3 | N49: 100 | R49: 0 | S49: POD-Sanjay | T49: sportswing.in@gmail.com | V49: trial | W49: TRUE | X49: 3 | Z49: auto | AA49: 0 | AB49: USER | AD49: 0 | AE49: -1 | AH49: FALSE
A50: Tue Aug 26 2025 11:21:50 GMT+0530 (India Standard Time) | B50: A34AWCAKEZCHBV | C50: Niramayu - IN | D50: P3 | E50: No | F50: #N/A | G50: active | H50: FALSE | I50: FALSE | J50: TRUE | K50: Ved Prakash Kondaboiena | L50: 45 | M50: 6 | N50: 100 | R50: 100 | S50: POD-Chamath | T50: care.kdentp@gmail.com | U50: +919116985500 | V50: trial | W50: FALSE | X50: 2 | Z50: auto | AA50: 60000 | AB50: AM | AC50: AM | AD50: 73 | AE50: 73 | AF50: 45898 | AG50: 45959 | AH50: FALSE
A51: Mon Aug 25 2025 23:56:24 GMT+0530 (India Standard Time) | B51: A25Y45E3BE17GU | C51: PARSHVA TRADING - IN | D51: P3 | E51: No | F51: #N/A | G51: active | H51: FALSE | I51: TRUE | J51: TRUE | K51: Sanjay | L51: 49 | M51: 0 | N51: 100 | R51: 0 | S51: POD-Sanjay | T51: priyank29oct@gmail.com | U51: +917715089296 | V51: paid | W51: FALSE | X51: 0 | Z51: auto | AA51: 0 | AB51: USER | AC51: AM | AD51: 11 | AE51: 0 | AH51: FALSE
A52: Mon Aug 25 2025 21:55:56 GMT+0530 (India Standard Time) | B52: A3DRHRDM5ON0VX | C52: BAG Wellness - IN | D52: P1 | E52: No | F52: #N/A | G52: active | H52: FALSE | I52: TRUE | K52: Sanjay | L52: 63 | M52: 1 | N52: 100 | R52: 84 | S52: POD-Sanjay | T52: bagwellness77@gmail.com | V52: trial | W52: TRUE | X52: 3 | Z52: auto | AA52: 0 | AB52: USER | AC52: AM | AD52: 6 | AE52: 5 | AH52: FALSE
A53: Mon Aug 25 2025 15:36:47 GMT+0530 (India Standard Time) | B53: A31YA2HDTA1C1C | C53: AADHYA FASHION™ - IN | D53: P3 | F53: #N/A | G53: active | H53: TRUE | I53: FALSE | L53: 30 | M53: 0 | N53: 100 | R53: 0 | T53: pavitracreation23@gmail.com | U53: +919408649452 | V53: trial | W53: TRUE | X53: 8 | Z53: auto | AA53: 0 | AB53: USER | AD53: 0 | AE53: -1 | AH53: FALSE
A54: Sat Aug 23 2025 07:19:01 GMT+0530 (India Standard Time) | B54: A3W1N6JE50LZTW | C54: SR Traders1 - IN | D54: P2 | F54: #N/A | G54: active | H54: TRUE | I54: FALSE | L54: 30 | M54: 0 | N54: 100 | R54: 0 | T54: srtraders.ssbasket@gmail.com | V54: trial | W54: TRUE | X54: 9 | Z54: auto | AA54: 0 | AB54: USER | AD54: 10 | AE54: 0 | AH54: FALSE
A55: Fri Aug 22 2025 15:15:27 GMT+0530 (India Standard Time) | B55: A3BHOUVDBDRZOT | C55: Pure Process - IN | D55: P3 | F55: #N/A | G55: active | H55: FALSE | I55: FALSE | J55: TRUE | K55: Sarthak Gophane | L55: 41 | M55: 4 | N55: 100 | R55: 80 | S55: POD-Chamath | T55: cosmovaultpvtltd@gmail.com | U55: +918296101095 | V55: trial | W55: FALSE | X55: 4 | Z55: auto | AA55: 0 | AB55: USER | AC55: AM | AD55: 5 | AE55: 4 | AH55: FALSE
A56: Fri Aug 22 2025 14:23:18 GMT+0530 (India Standard Time) | B56: A1ARMFB9S1QMWL | C56: CONSERN PHARMA LIMITED - IN | D56: P0 | E56: Yes | F56: #N/A | G56: active | H56: TRUE | I56: TRUE | J56: TRUE | K56: Sanjay | L56: 63 | M56: 4 | N56: 100 | R56: 87 | S56: POD-Sanjay | T56: marketplace@innateonline.com | U56: +919815920090 | V56: trial | W56: TRUE | X56: 9 | Z56: auto | AA56: 45000 | AB56: USER | AC56: AM | AD56: 15 | AE56: 13 | AF56: 45922 | AG56: 45953 | AH56: FALSE
A57: Fri Aug 22 2025 10:59:24 GMT+0530 (India Standard Time) | B57: A18OCBP533S1L | C57: ANTIQUE HANDI ENTERPRISES - IN | D57: P1 | E57: No | F57: #N/A | G57: active | H57: FALSE | I57: TRUE | K57: Abhilash V | L57: 30 | M57: 4 | N57: 100 | R57: 0 | S57: POD-Chamath | T57: anassaifi54666@gmail.com | V57: trial | W57: TRUE | X57: 3 | Z57: auto | AA57: 0 | AB57: AM | AD57: 0 | AE57: -1 | AH57: FALSE
A58: Thu Aug 21 2025 18:24:56 GMT+0530 (India Standard Time) | B58: A2G9M9R0HTLLHE | C58: NawDirect India - IN | D58: P1 | F58: #N/A | G58: active | H58: FALSE | I58: TRUE | K58: Mallikarjun | L58: 60 | M58: 1 | N58: 100 | R58: 34 | S58: POD-Sanjay | T58: nawdirects@gmail.com | V58: trial | W58: TRUE | X58: 1 | Z58: auto | AA58: 0 | AB58: AM | AD58: 6 | AE58: 2 | AH58: FALSE
A59: Thu Aug 21 2025 17:33:09 GMT+0530 (India Standard Time) | B59: A3ME16XQHYGPP1 | C59: STYLE ZONE BABY PRODUCTS - IN | D59: P3 | E59: No | F59: #N/A | G59: active | H59: FALSE | I59: TRUE | J59: TRUE | K59: Ved Prakash Kondaboiena | L59: 49 | M59: 6 | N59: 100 | R59: 0 | S59: POD-Chamath | T59: anilstylezone@gmail.com | U59: +919315989701 | V59: trial | W59: FALSE | X59: 2 | Z59: auto | AA59: 0 | AB59: USER | AC59: AM | AD59: 3 | AE59: 0 | AH59: FALSE
A60: Thu Aug 21 2025 16:54:09 GMT+0530 (India Standard Time) | B60: A1E45F1KAK0G23 | C60: balgopal enterprise (10-L56) - IN | D60: P0 | F60: #N/A | G60: active | H60: TRUE | I60: TRUE | J60: TRUE | K60: Moupali Mitra | L60: 56 | M60: 9 | N60: 100 | R60: 100 | S60: POD-Sanjay | T60: vekariyafenil2511@gmail.com | U60: +916353385491 | V60: trial | W60: TRUE | X60: 9 | Z60: auto | AA60: 15000 | AB60: USER | AC60: AM | AD60: 1 | AE60: 1 | AF60: 45922 | AG60: 45953 | AH60: FALSE
A61: Thu Aug 21 2025 14:41:19 GMT+0530 (India Standard Time) | B61: A19JRM2BKBBY5Q | C61: MANISH ENTERPRISE Stores - IN | D61: P3 | E61: No | F61: #N/A | G61: active | H61: FALSE | I61: TRUE | J61: TRUE | K61: Preeti S Bingoli | L61: 67 | M61: 2 | N61: 100 | R61: 75 | S61: POD-Sanjay | T61: ineegomanishpatel@gmail.com | U61: +919406360919 | V61: trial | W61: FALSE | X61: 2 | Z61: auto | AA61: 0 | AB61: USER | AC61: AM | AD61: 4 | AE61: 3 | AH61: FALSE
A62: Thu Aug 21 2025 14:05:44 GMT+0530 (India Standard Time) | B62: A33DD7Q510E832 | C62: Redefine Things - IN | D62: P3 | F62: #N/A | G62: active | H62: FALSE | I62: TRUE | J62: TRUE | K62: Mallikarjun | L62: 52 | M62: 2 | N62: 100 | R62: 100 | S62: POD-Sanjay | T62: flipkartukenterprise@gmail.com | U62: +919625660439 | V62: trial | W62: TRUE | X62: 2 | Z62: auto | AA62: 0 | AB62: USER | AC62: AM | AD62: 2 | AE62: 2 | AH62: FALSE
A63: Thu Aug 21 2025 11:46:22 GMT+0530 (India Standard Time) | B63: A1IL0ZR7SRN1LS | C63: HUZY - IN | D63: P3 | E63: No | F63: #N/A | G63: active | H63: FALSE | I63: FALSE | J63: TRUE | K63: Preeti S Bingoli | L63: 67 | M63: 2 | N63: 100 | R63: 100 | S63: POD-Sanjay | T63: huzy.shopsy@gmail.com | U63: +919722858504 | V63: trial | W63: FALSE | X63: 4 | Z63: manual | AA63: 0 | AB63: USER | AC63: AM | AD63: 2 | AE63: 2 | AH63: FALSE
A64: Thu Aug 21 2025 09:15:23 GMT+0530 (India Standard Time) | B64: AA3SCVZGWH0ZG | C64: ReliableEnt - IN | D64: P3 | F64: #N/A | G64: active | H64: TRUE | I64: FALSE | L64: 26 | M64: 0 | N64: 100 | R64: 0 | T64: reliableenterprise2016@gmail.com | V64: trial | W64: TRUE | X64: 9 | Z64: auto | AA64: 0 | AB64: USER | AD64: 30 | AE64: 0 | AH64: FALSE
A65: Wed Aug 20 2025 18:09:07 GMT+0530 (India Standard Time) | B65: A9QK4SIR32KKD | C65: Auto Spare Hub - IN | D65: P1 | E65: No | F65: #N/A | G65: active | H65: FALSE | I65: TRUE | J65: TRUE | K65: Chamanth S | L65: 41 | M65: 2 | N65: 100 | R65: 0 | S65: POD-Chamath | T65: autosparehub@gmail.com | U65: +919711057773 | V65: trial | W65: TRUE | X65: 3 | Z65: auto | AA65: 0 | AB65: USER | AC65: AM | AD65: 1 | AE65: 0 | AH65: FALSE
A66: Wed Aug 20 2025 17:34:25 GMT+0530 (India Standard Time) | B66: A1W0YCD6YBBX54 | C66: bagla enterprises - IN | D66: P3 | F66: #N/A | G66: active | H66: TRUE | I66: FALSE | L66: 26 | M66: 0 | N66: 100 | R66: 0 | T66: baglaenterprises24@gmail.com | V66: trial | W66: FALSE | X66: 9 | Z66: auto | AA66: 0 | AB66: USER | AD66: 16 | AE66: 0 | AH66: FALSE
A67: Wed Aug 20 2025 17:04:41 GMT+0530 (India Standard Time) | B67: A3G6ZT9TUL7E11 | C67: CHEF STORY HOME APPLIANCES PRIVATE LIMITED - IN | D67: P0 | E67: No | F67: #N/A | G67: active | H67: TRUE | I67: TRUE | J67: TRUE | K67: Preeti S Bingoli | L67: 41 | M67: 2 | N67: 100 | R67: 0 | S67: POD-Sanjay | T67: orders@thechefstory.in | U67: +919284057576 | V67: trial | W67: FALSE | X67: 9 | Z67: manual | AA67: 0 | AB67: USER | AC67: AM | AD67: 1 | AE67: 0 | AH67: FALSE
A68: Wed Aug 20 2025 16:59:08 GMT+0530 (India Standard Time) | B68: A2J9W2JRI9RZ5T | C68: Ushaworks - IN | D68: P3 | F68: #N/A | G68: active | H68: FALSE | I68: FALSE | K68: Manish K | L68: 38 | M68: 2 | N68: 100 | R68: 50 | S68: POD-Sanjay | T68: ajayprajapati8826@gmail.com | V68: trial | W68: TRUE | X68: 2 | Z68: auto | AA68: 0 | AB68: USER | AD68: 2 | AE68: 1 | AH68: FALSE
A69: Wed Aug 20 2025 16:08:10 GMT+0530 (India Standard Time) | B69: A209DE53OBRD2N | C69: SUPARNA PRODUCTS - IN | D69: P3 | F69: #N/A | G69: active | H69: TRUE | I69: FALSE | J69: TRUE | L69: 30 | M69: 0 | N69: 100 | R69: 0 | T69: agheraark@gmail.com | U69: +919429569306 | V69: trial | X69: 9 | Z69: auto | AA69: 0 | AB69: USER | AC69: AM | AD69: 0 | AE69: -1 | AH69: FALSE
A70: Wed Aug 20 2025 15:33:12 GMT+0530 (India Standard Time) | B70: A1XMAUX6ZID3LG | C70: BALGOPAL GHANTE AND MURTY WALE - IN | D70: P1 | E70: No | F70: #N/A | G70: active | H70: FALSE | I70: TRUE | J70: TRUE | K70: Chamanth S | L70: 41 | M70: 2 | N70: 100 | R70: 0 | S70: POD-Chamath | T70: bansalankit011@gmail.com | U70: +919219527732 | V70: trial | W70: TRUE | X70: 1 | Z70: auto | AA70: 0 | AB70: USER | AC70: AM | AD70: 1 | AE70: 0 | AH70: FALSE
A71: Wed Aug 20 2025 15:04:57 GMT+0530 (India Standard Time) | B71: A324VLRZJOGL2P | C71: M/S EZ RETAILS - IN | D71: P2 | E71: No | F71: #N/A | G71: active | H71: TRUE | I71: FALSE | J71: TRUE | K71: Dimple Kaushik | L71: 38 | M71: 3 | N71: 100 | R71: 80 | S71: POD-Chamath | T71: hussainansari944@gmail.com | U71: +917088263124 | V71: trial | W71: TRUE | X71: 9 | Z71: auto | AA71: 0 | AB71: USER | AC71: AM | AD71: 5 | AE71: 4 | AH71: FALSE
A72: Wed Aug 20 2025 12:29:27 GMT+0530 (India Standard Time) | B72: A281LZZ2S0YYDJ | C72: ABSilk - IN | D72: P3 | E72: No | F72: #N/A | G72: active | H72: FALSE | I72: TRUE | J72: TRUE | K72: Chamanth S | L72: 52 | M72: 3 | N72: 100 | R72: 100 | S72: POD-Chamath | T72: rupkala.aob@gmail.com | U72: +919978866798 | V72: trial | W72: TRUE | X72: 1 | Z72: auto | AA72: 0 | AB72: AM | AC72: AM | AD72: 1 | AE72: 1 | AH72: FALSE
A73: Wed Aug 20 2025 11:45:14 GMT+0530 (India Standard Time) | B73: AA0XR493SG46E | C73: EURO FOODS PVT LTD - IN | D73: P3 | E73: Yes | F73: #N/A | G73: active | H73: FALSE | I73: TRUE | J73: TRUE | K73: Bhargavi | L73: 23 | M73: 3 | N73: 100 | R73: 0 | S73: POD-Sanjay | T73: ecommerce@eurofoods.co.in | U73: +919319525661 | V73: trial | W73: TRUE | X73: 4 | Z73: auto | AA73: 17913.36 | AB73: USER | AC73: AM | AD73: 0 | AE73: -1 | AF73: 45922 | AG73: 45953 | AH73: FALSE
A74: Tue Aug 19 2025 15:27:36 GMT+0530 (India Standard Time) | B74: A3VSEOB7MS11EM | C74: PREPSTO - IN | D74: P3 | F74: #N/A | G74: active | H74: FALSE | I74: FALSE | J74: TRUE | K74: Saikumar | L74: 38 | M74: 3 | N74: 100 | R74: 79 | S74: POD-Chamath | T74: rahulgotionline2103@gmail.com | U74: +919427073727 | V74: trial | W74: TRUE | X74: 7 | Z74: auto | AA74: 0 | AB74: USER | AC74: AM | AD74: 19 | AE74: 15 | AH74: FALSE
A75: Tue Aug 19 2025 11:42:11 GMT+0530 (India Standard Time) | B75: ACIP660V08A3M | C75: MetalMan - IN | D75: P1 | E75: Yes | F75: #N/A | G75: active | H75: FALSE | I75: TRUE | J75: TRUE | K75: Anindya Mandal | L75: 67 | M75: 1 | N75: 100 | R75: 50 | S75: POD-Sanjay | T75: fortechmachines@outlook.com | U75: +919049478121 | V75: trial | W75: TRUE | X75: 2 | Z75: auto | AA75: 0 | AB75: USER | AC75: AM | AD75: 4 | AE75: 2 | AH75: FALSE
A76: Tue Aug 19 2025 11:33:07 GMT+0530 (India Standard Time) | B76: ANYHLHXJQMM61 | C76: Orchid pillows - IN | D76: P3 | E76: No | F76: #N/A | G76: active | H76: TRUE | I76: FALSE | J76: TRUE | K76: Preeti S Bingoli | L76: 26 | M76: 2 | N76: 100 | R76: 0 | S76: POD-Sanjay | T76: marssystemsamd@gmail.com | U76: +919426964797 | V76: trial | W76: FALSE | X76: 9 | Z76: manual | AA76: 0 | AB76: USER | AC76: AM | AD76: 1 | AE76: 0 | AH76: FALSE
A77: Mon Aug 18 2025 15:38:58 GMT+0530 (India Standard Time) | B77: A202O66TN017M9 | C77: BLUE PARI ENTERPRISE - IN | D77: P3 | F77: #N/A | G77: active | H77: TRUE | I77: FALSE | J77: TRUE | L77: 30 | M77: 0 | N77: 100 | R77: 0 | T77: bluepari0478@gmail.com | U77: +919106915839 | V77: trial | W77: TRUE | X77: 9 | Z77: auto | AA77: 0 | AB77: USER | AC77: AM | AD77: 0 | AE77: -1 | AH77: FALSE
A78: Mon Aug 18 2025 14:35:53 GMT+0530 (India Standard Time) | B78: A38X4R2XNTGMX9 | C78: SKY SHOP™ - IN | D78: P3 | F78: #N/A | G78: active | H78: FALSE | I78: TRUE | J78: TRUE | K78: Vrithin Madhusudhan | L78: 23 | M78: 7 | N78: 100 | R78: 0 | S78: POD-Sanjay | T78: skyshop7776@gmail.com | U78: +918949830561 | V78: trial | W78: TRUE | X78: 3 | Z78: auto | AA78: 0 | AB78: USER | AC78: AM | AD78: 0 | AE78: -1 | AH78: FALSE
A79: Mon Aug 18 2025 13:00:53 GMT+0530 (India Standard Time) | B79: AQRLKE1YXV6KG | C79: Regal Empires - IN | D79: P3 | F79: #N/A | G79: active | H79: TRUE | I79: FALSE | L79: 23 | M79: 0 | N79: 100 | R79: 0 | T79: info.regalempires@gmail.com | U79: +918799301673 | V79: trial | W79: FALSE | X79: 9 | Z79: auto | AA79: 0 | AB79: USER | AD79: 0 | AE79: -1 | AH79: FALSE
A80: Fri Aug 15 2025 23:36:19 GMT+0530 (India Standard Time) | B80: A9QAPG140GLGY | C80: ZYMAN ORIGIN - IN | D80: P3 | F80: #N/A | G80: active | H80: FALSE | I80: TRUE | J80: TRUE | K80: Manish K | L80: 56 | M80: 3 | N80: 100 | R80: 100 | S80: POD-Sanjay | T80: zymanorigin@gmail.com | U80: +919699345613 | V80: trial | W80: TRUE | X80: 2 | Z80: auto | AA80: 0 | AB80: USER | AC80: AM | AD80: 1 | AE80: 1 | AH80: FALSE
A81: Fri Aug 15 2025 20:07:20 GMT+0530 (India Standard Time) | B81: A2J1BKMJBXRDNK | C81: Prime Choice Toys - IN | D81: P3 | F81: #N/A | G81: active | H81: TRUE | I81: FALSE | L81: 26 | M81: 0 | N81: 100 | R81: 0 | T81: primechoice.sell@gmail.com | V81: trial | W81: TRUE | X81: 10 | Z81: auto | AA81: 0 | AB81: USER | AD81: 109 | AE81: 0 | AH81: FALSE
A82: Fri Aug 15 2025 13:09:20 GMT+0530 (India Standard Time) | B82: A3048UYA213KAA | C82: Blessings Alwayz - IN | D82: P2 | F82: #N/A | G82: active | H82: TRUE | I82: FALSE | L82: 26 | M82: 0 | N82: 100 | R82: 0 | T82: jgjonline@outlook.com | U82: +918178566028 | V82: trial | W82: TRUE | X82: 10 | Z82: auto | AA82: 0 | AB82: USER | AD82: 5 | AE82: 0 | AH82: FALSE
A83: Fri Aug 15 2025 09:25:40 GMT+0530 (India Standard Time) | B83: A2Z6UDD1P9ZCWF | C83: The Gift Haven. - IN | D83: P3 | F83: #N/A | G83: active | H83: TRUE | I83: FALSE | L83: 30 | M83: 0 | N83: 100 | R83: 0 | T83: owaispathan9520@gmail.com | V83: trial | W83: TRUE | X83: 10 | Z83: auto | AA83: 0 | AB83: USER | AD83: 0 | AE83: -1 | AH83: FALSE
A84: Thu Aug 14 2025 18:05:09 GMT+0530 (India Standard Time) | B84: A2BSMR0NDFGYGU | C84: Crafty wonders - US | D84: P3 | F84: #N/A | G84: active | H84: TRUE | I84: FALSE | L84: 30 | M84: 0 | N84: 100 | R84: 0 | T84: arealtor9@gmail.com | V84: free | X84: 10 | Z84: auto | AA84: 0 | AB84: USER | AD84: 0 | AE84: -1 | AH84: FALSE
A85: Thu Aug 14 2025 16:44:11 GMT+0530 (India Standard Time) | B85: A1I0G5P53BGVMQ | C85: KARTIK IMPEX - IN | D85: P3 | F85: #N/A | G85: active | H85: FALSE | I85: FALSE | J85: TRUE | N85: 1 | R85: 0 | T85: kartikchhotala777@gmail.com | U85: +919328039650 | V85: trial | W85: TRUE | Z85: auto | AA85: 0 | AH85: FALSE
A86: Thu Aug 14 2025 13:21:18 GMT+0530 (India Standard Time) | B86: A2UR6MWKO3SSTH | C86: Shree Ganesh Essential - IN | D86: P3 | E86: Yes | F86: #N/A | G86: active | H86: FALSE | I86: FALSE | J86: TRUE | K86: Gourav Haldar | L86: 41 | M86: 5 | N86: 100 | R86: 0 | S86: POD-Chamath | T86: rushikeshsavaliya07@gmail.com | U86: +919099971966 | V86: trial | W86: FALSE | X86: 2 | Z86: auto | AA86: 0 | AB86: USER | AC86: AM | AD86: 0 | AE86: -1 | AH86: FALSE
A87: Tue Aug 12 2025 16:13:21 GMT+0530 (India Standard Time) | B87: A35YZC2IC6E9E4 | C87: Invont - IN | D87: P1 | E87: No | F87: #N/A | G87: active | H87: FALSE | I87: TRUE | J87: TRUE | K87: Bhargavi | L87: 23 | M87: 3 | N87: 100 | R87: 0 | S87: POD-Sanjay | T87: mansadeep.msd@gmail.com | U87: +919811668870 | V87: trial | W87: TRUE | X87: 2 | Z87: auto | AA87: 0 | AB87: USER | AC87: AM | AD87: 0 | AE87: -1 | AH87: FALSE
A88: Tue Aug 12 2025 14:35:33 GMT+0530 (India Standard Time) | B88: AB69YXHMI3L54 | C88: Sreedhara Textiles Private Limited - Garments Division - IN | D88: P1 | E88: No | F88: #N/A | G88: active | H88: FALSE | I88: TRUE | J88: TRUE | K88: Preeti S Bingoli | L88: 67 | M88: 2 | N88: 100 | R88: 67 | S88: POD-Sanjay | T88: amazonind@merakiclothing.net | U88: +919600283896 | V88: trial | W88: FALSE | X88: 1 | Z88: manual | AA88: 0 | AB88: USER | AC88: AM | AD88: 3 | AE88: 2 | AH88: FALSE
A89: Tue Aug 12 2025 12:51:23 GMT+0530 (India Standard Time) | B89: A25X16E0YOSMRM | C89: Bluwaves Biz - IN | D89: P3 | E89: No | F89: #N/A | G89: active | H89: FALSE | I89: FALSE | J89: TRUE | K89: Preeti S Bingoli | L89: 49 | M89: 1 | N89: 100 | R89: 100 | S89: POD-Sanjay | T89: bluwaves.biz@gmail.com | U89: +918505088500 | V89: trial | W89: FALSE | X89: 0 | Z89: manual | AA89: 0 | AB89: USER | AC89: AM | AD89: 11 | AE89: 11 | AH89: FALSE
A90: Tue Aug 12 2025 12:42:00 GMT+0530 (India Standard Time) | B90: A3JRKKMBIAYK6A | C90: Skypath Studios - IN | D90: P1 | E90: No | F90: #N/A | G90: active | H90: FALSE | I90: TRUE | J90: TRUE | K90: Preeti S Bingoli | L90: 56 | M90: 4 | N90: 100 | R90: 100 | S90: POD-Sanjay | T90: davidmani2003@gmail.com | U90: +919718053887 | V90: trial | W90: FALSE | X90: 1 | Z90: manual | AA90: 0 | AB90: USER | AC90: AM | AD90: 1 | AE90: 1 | AH90: FALSE
A91: Fri Aug 08 2025 17:32:18 GMT+0530 (India Standard Time) | B91: A1L48J9G57GYO0 | C91: Pêcko - AE | D91: P2 | F91: #N/A | G91: active | H91: TRUE | I91: TRUE | J91: TRUE | L91: 41 | M91: 0 | N91: 100 | R91: 0 | T91: rishatradingcorp@gmail.com | U91: +918160089415 | V91: trial | X91: 11 | Z91: auto | AA91: 0 | AB91: USER | AC91: AM | AD91: 0 | AE91: -1 | AH91: FALSE
A92: Thu Aug 07 2025 12:55:47 GMT+0530 (India Standard Time) | B92: A1P2MWSB2V5S3O | C92: M.A Business Enterprises Pvt Ltd - IN | D92: P0 | E92: No | F92: #N/A | G92: active | H92: TRUE | I92: TRUE | J92: TRUE | K92: Syed Yaseen | L92: 60 | M92: 11 | N92: 100 | R92: 25 | S92: POD-Sanjay | T92: chikankarirumi@gmail.com | U92: +919208318885 | V92: trial | W92: FALSE | X92: 11 | Z92: auto | AA92: 18000 | AB92: USER | AC92: AM | AD92: 4 | AE92: 1 | AF92: 45922 | AG92: 45953 | AH92: FALSE
A93: Wed Aug 06 2025 22:50:18 GMT+0530 (India Standard Time) | B93: A2YXYEGGRCRXB9 | C93: TimberAcoustics - AE | D93: P3 | F93: #N/A | G93: active | H93: TRUE | I93: TRUE | J93: TRUE | L93: 41 | M93: 0 | N93: 100 | R93: 0 | T93: yatishch@timberacoustics.in | U93: +919178278637 | V93: trial | X93: 11 | Z93: auto | AA93: 617.42 | AB93: USER | AC93: AM | AD93: 0 | AE93: -1 | AF93: 45922 | AG93: 45953 | AH93: FALSE
A94: Wed Aug 06 2025 16:32:48 GMT+0530 (India Standard Time) | B94: A1EH1TOD7R1YAZ | C94: Hugging Hoomans - IN | D94: P1 | F94: #N/A | G94: active | H94: FALSE | I94: TRUE | J94: TRUE | K94: Sarthak Gophane | L94: 23 | M94: 5 | N94: 100 | R94: 0 | S94: POD-Chamath | T94: aviratexim25@gmail.com | U94: +919586009676 | V94: trial | W94: FALSE | X94: 5 | Z94: auto | AA94: 0 | AB94: USER | AC94: AM | AD94: 0 | AE94: -1 | AH94: FALSE
A95: Wed Aug 06 2025 12:08:23 GMT+0530 (India Standard Time) | B95: A2N4C8B8HSK2AR | C95: KUMAR GROUP - IN | D95: P3 | E95: No | F95: #N/A | G95: active | H95: TRUE | I95: TRUE | J95: TRUE | K95: Bhargavi | L95: 56 | M95: 6 | N95: 100 | R95: 50 | S95: POD-Sanjay | T95: rohit893599@gmail.com | U95: +918935997210 | V95: trial | W95: FALSE | X95: 11 | Z95: auto | AA95: 5833.52 | AB95: USER | AC95: AM | AD95: 2 | AE95: 1 | AF95: 45922 | AG95: 45953 | AH95: FALSE
A96: Tue Aug 05 2025 15:24:07 GMT+0530 (India Standard Time) | B96: A2OFX4M7TURBX3 | C96: HERBISTRY LABS LLP - IN | D96: P3 | F96: #N/A | G96: active | H96: FALSE | I96: TRUE | J96: TRUE | K96: Saikumar | L96: 63 | M96: 2 | N96: 100 | R96: 100 | S96: POD-Chamath | T96: herbistrylabs@gmail.com | U96: +919979997315 | V96: trial | W96: TRUE | X96: 5 | Z96: auto | AA96: 0 | AB96: USER | AC96: AM | AD96: 2 | AE96: 2 | AH96: FALSE
A97: Tue Aug 05 2025 11:24:40 GMT+0530 (India Standard Time) | B97: A1LQ3P2FDF2UBA | C97: ARVA SRIANNA PRODUCTS - IN | D97: P0 | E97: No | F97: #N/A | G97: active | H97: TRUE | I97: TRUE | J97: TRUE | K97: Anindya Mandal | L97: 41 | M97: 7 | N97: 100 | R97: 0 | S97: POD-Sanjay | T97: arvasriannaproducts@gmail.com | U97: +918130952424 | V97: trial | W97: FALSE | X97: 11 | Z97: auto | AA97: 12000 | AB97: USER | AC97: AM | AD97: 0 | AE97: -1 | AF97: 45922 | AG97: 45953 | AH97: FALSE
A98: Mon Aug 04 2025 18:17:41 GMT+0530 (India Standard Time) | B98: AJ893BCLST0JB | C98: BUYOHLIC INTERNATIONAL - IN | D98: P1 | E98: No | F98: #N/A | G98: active | H98: FALSE | I98: TRUE | J98: TRUE | K98: Dimple Kaushik | L98: 60 | M98: 3 | N98: 100 | R98: 75 | S98: POD-Chamath | T98: sales@buyohlic.com | U98: +917048911978 | V98: trial | W98: TRUE | X98: 2 | Z98: auto | AA98: 0 | AB98: USER | AC98: AM | AD98: 8 | AE98: 6 | AH98: FALSE
A99: Mon Aug 04 2025 16:40:33 GMT+0530 (India Standard Time) | B99: A8IWW1NXLSWYA | C99: Kailash_Creation - IN | D99: P1 | E99: No | F99: #N/A | G99: active | H99: FALSE | I99: TRUE | J99: TRUE | K99: Preeti S Bingoli | L99: 60 | M99: 2 | N99: 100 | R99: 39 | S99: POD-Sanjay | T99: kailashcreation23@gmail.com | U99: +919034060384 | V99: trial | W99: TRUE | X99: 0 | Z99: manual | AA99: 0 | AB99: USER | AC99: AM | AD99: 21 | AE99: 8 | AH99: FALSE
A100: Mon Aug 04 2025 15:38:11 GMT+0530 (India Standard Time) | B100: AHEQTZEJJ8I3E | C100: VERINOX - IN | D100: P3 | F100: #N/A | G100: active | H100: FALSE | I100: FALSE | J100: TRUE | K100: Moupali Mitra | L100: 4 | M100: 2 | N100: 100 | R100: 0 | S100: POD-Sanjay | T100: verinoxtradingllp@gmail.com | U100: +918788871117 | V100: trial | W100: TRUE | X100: 8 | Z100: auto | AA100: 0 | AB100: USER | AC100: AM | AD100: 0 | AE100: -1 | AH100: FALSE
...
